label,target,date,missing_frames
201601030330_groundtruth_vis.png,201601030330,20160103,
201601030410_groundtruth_vis.png,201601030410,20160103,
201601030440_groundtruth_vis.png,201601030440,20160103,
201601030510_groundtruth_vis.png,201601030510,20160103,
201602270350_groundtruth_vis.png,201602270350,20160227,
201602270440_groundtruth_vis.png,201602270440,20160227,
201603030350_groundtruth_vis.png,201603030350,20160303,
201603030440_groundtruth_vis.png,201603030440,20160303,
201603040350_groundtruth_vis.png,201603040350,20160304,
201603040440_groundtruth_vis.png,201603040440,20160304,
201603300400_groundtruth_vis.png,201603300400,20160330,
201603300450_groundtruth_vis.png,201603300450,20160330,
201604010350_groundtruth_vis.png,201604010350,20160401,
201604010440_groundtruth_vis.png,201604010440,20160401,
201604010500_groundtruth_vis.png,201604010500,20160401,
201604100500_groundtruth_vis.png,201604100500,20160410,
201604140400_groundtruth_vis.png,201604140400,20160414,
201604140420_groundtruth_vis.png,201604140420,20160414,
201604210340_groundtruth_vis.png,201604210340,20160421,
201604210420_groundtruth_vis.png,201604210420,20160421,
201604210500_groundtruth_vis.png,201604210500,20160421,
201604220350_groundtruth_vis.png,201604220350,20160422,
201604220440_groundtruth_vis.png,201604220440,20160422,
201604220520_groundtruth_vis.png,201604220520,20160422,
201701010400_groundtruth_vis.png,201701010400,20170101,
201701010510_groundtruth_vis.png,201701010510,20170101,
201705110330_groundtruth_vis.png,201705110330,20170511,
201705110400_groundtruth_vis.png,201705110400,20170511,
201705110430_groundtruth_vis.png,201705110430,20170511,
201705110500_groundtruth_vis.png,201705110500,20170511,
201803030400_groundtruth_vis.png,201803030400,20180303,
201803030440_groundtruth_vis.png,201803030440,20180303,
201803120350_groundtruth_vis.png,201803120350,20180312,
201803120440_groundtruth_vis.png,201803120440,20180312,
201803130400_groundtruth_vis.png,201803130400,20180313,
201803130440_groundtruth_vis.png,201803130440,20180313,
201803260350_groundtruth_vis.png,201803260350,20180326,
201803260440_groundtruth_vis.png,201803260440,20180326,
201803270350_groundtruth_vis.png,201803270350,20180327,
201803270440_groundtruth_vis.png,201803270440,20180327,
201803300350_groundtruth_vis.png,201803300350,20180330,
201803300430_groundtruth_vis.png,201803300430,20180330,
201803310350_groundtruth_vis.png,201803310350,20180331,
201803310440_groundtruth_vis.png,201803310440,20180331,
201804210350_groundtruth_vis.png,201804210350,20180421,
201804210440_groundtruth_vis.png,201804210440,20180421,
201804290350_groundtruth_vis.png,201804290350,20180429,
201804290440_groundtruth_vis.png,201804290440,20180429,
201804290520_groundtruth_vis.png,201804290520,20180429,
201804300350_groundtruth_vis.png,201804300350,20180430,
201804300400_groundtruth_vis.png,201804300400,20180430,
201804300410_groundtruth_vis.png,201804300410,20180430,
201804300440_groundtruth_vis.png,201804300440,20180430,
201805100330_groundtruth_vis.png,201805100330,20180510,
201805100400_groundtruth_vis.png,201805100400,20180510,
201805100430_groundtruth_vis.png,201805100430,20180510,
201805100500_groundtruth_vis.png,201805100500,20180510,
201805130330_groundtruth_vis.png,201805130330,20180513,
201805130400_groundtruth_vis.png,201805130400,20180513,
201805130430_groundtruth_vis.png,201805130430,20180513,
201805130450_groundtruth_vis.png,201805130450,20180513,
201805130510_groundtruth_vis.png,201805130510,20180513,
201805280330_groundtruth_vis.png,201805280330,20180528,
201805280400_groundtruth_vis.png,201805280400,20180528,
201805280440_groundtruth_vis.png,201805280440,20180528,
201805280510_groundtruth_vis.png,201805280510,20180528,
201805290330_groundtruth_vis.png,201805290330,20180529,
201805290400_groundtruth_vis.png,201805290400,20180529,
201805290430_groundtruth_vis.png,201805290430,20180529,
201805290500_groundtruth_vis.png,201805290500,20180529,
201805300330_groundtruth_vis.png,201805300330,20180530,
201805300400_groundtruth_vis.png,201805300400,20180530,
201805300430_groundtruth_vis.png,201805300430,20180530,
201805300500_groundtruth_vis.png,201805300500,20180530,
201806060330_groundtruth_vis.png,201806060330,20180606,
201806060400_groundtruth_vis.png,201806060400,20180606,
201806060440_groundtruth_vis.png,201806060440,20180606,
201806070400_groundtruth_vis.png,201806070400,20180607,
201806070410_groundtruth_vis.png,201806070410,20180607,
201806070420_groundtruth_vis.png,201806070420,20180607,
201806070430_groundtruth_vis.png,201806070430,20180607,
201806070440_groundtruth_vis.png,201806070440,20180607,
201806070450_groundtruth_vis.png,201806070450,20180607,
201806070500_groundtruth_vis.png,201806070500,20180607,
201806070510_groundtruth_vis.png,201806070510,20180607,
201806070520_groundtruth_vis.png,201806070520,20180607,
201806080320_groundtruth_vis.png,201806080320,20180608,
201806080330_groundtruth_vis.png,201806080330,20180608,
201806080340_groundtruth_vis.png,201806080340,20180608,
201806080350_groundtruth_vis.png,201806080350,20180608,
201806080400_groundtruth_vis.png,201806080400,20180608,
201806080410_groundtruth_vis.png,201806080410,20180608,
201806080420_groundtruth_vis.png,201806080420,20180608,
201806080430_groundtruth_vis.png,201806080430,20180608,
201806080440_groundtruth_vis.png,201806080440,20180608,
201806080450_groundtruth_vis.png,201806080450,20180608,
201902220320_groundtruth_vis.png,201902220320,20190222,
201902220330_groundtruth_vis.png,201902220330,20190222,
201902220340_groundtruth_vis.png,201902220340,20190222,
201902220350_groundtruth_vis.png,201902220350,20190222,
201902220400_groundtruth_vis.png,201902220400,20190222,
201902220410_groundtruth_vis.png,201902220410,20190222,
201902220420_groundtruth_vis.png,201902220420,20190222,
201902220430_groundtruth_vis.png,201902220430,20190222,
201902220440_groundtruth_vis.png,201902220440,20190222,
201902220450_groundtruth_vis.png,201902220450,20190222,
201902220500_groundtruth_vis.png,201902220500,20190222,
201902220510_groundtruth_vis.png,201902220510,20190222,
201902220520_groundtruth_vis.png,201902220520,20190222,
201903020320_groundtruth_vis.png,201903020320,20190302,
201903020330_groundtruth_vis.png,201903020330,20190302,
201903020340_groundtruth_vis.png,201903020340,20190302,
201903020350_groundtruth_vis.png,201903020350,20190302,
201903020400_groundtruth_vis.png,201903020400,20190302,
201903020410_groundtruth_vis.png,201903020410,20190302,
201903020420_groundtruth_vis.png,201903020420,20190302,
201903020430_groundtruth_vis.png,201903020430,20190302,
201903020440_groundtruth_vis.png,201903020440,20190302,
201903020450_groundtruth_vis.png,201903020450,20190302,
201903020500_groundtruth_vis.png,201903020500,20190302,
201903020510_groundtruth_vis.png,201903020510,20190302,
201903020520_groundtruth_vis.png,201903020520,20190302,
201903030320_groundtruth_vis.png,201903030320,20190303,
201903030330_groundtruth_vis.png,201903030330,20190303,
201903030340_groundtruth_vis.png,201903030340,20190303,
201903030350_groundtruth_vis.png,201903030350,20190303,
201903030400_groundtruth_vis.png,201903030400,20190303,
201903030410_groundtruth_vis.png,201903030410,20190303,
201903030420_groundtruth_vis.png,201903030420,20190303,
201903030430_groundtruth_vis.png,201903030430,20190303,
201903030440_groundtruth_vis.png,201903030440,20190303,
201903030450_groundtruth_vis.png,201903030450,20190303,
201903030500_groundtruth_vis.png,201903030500,20190303,
201903030510_groundtruth_vis.png,201903030510,20190303,
201903030520_groundtruth_vis.png,201903030520,20190303,
201903050320_groundtruth_vis.png,201903050320,20190305,
201903050330_groundtruth_vis.png,201903050330,20190305,
201903050340_groundtruth_vis.png,201903050340,20190305,
201903050350_groundtruth_vis.png,201903050350,20190305,
201903050400_groundtruth_vis.png,201903050400,20190305,
201903050410_groundtruth_vis.png,201903050410,20190305,
201903050420_groundtruth_vis.png,201903050420,20190305,
201903050430_groundtruth_vis.png,201903050430,20190305,
201903050440_groundtruth_vis.png,201903050440,20190305,
201903050450_groundtruth_vis.png,201903050450,20190305,
201903050500_groundtruth_vis.png,201903050500,20190305,
201903050510_groundtruth_vis.png,201903050510,20190305,
201903050520_groundtruth_vis.png,201903050520,20190305,
201903270320_groundtruth_vis.png,201903270320,20190327,
201903270330_groundtruth_vis.png,201903270330,20190327,
201903270340_groundtruth_vis.png,201903270340,20190327,
201903270350_groundtruth_vis.png,201903270350,20190327,
201903270400_groundtruth_vis.png,201903270400,20190327,
201903270410_groundtruth_vis.png,201903270410,20190327,
201903270420_groundtruth_vis.png,201903270420,20190327,
201903270430_groundtruth_vis.png,201903270430,20190327,
201903270440_groundtruth_vis.png,201903270440,20190327,
201903270450_groundtruth_vis.png,201903270450,20190327,
201903270500_groundtruth_vis.png,201903270500,20190327,
201903270510_groundtruth_vis.png,201903270510,20190327,
201903270520_groundtruth_vis.png,201903270520,20190327,
201904170320_groundtruth_vis.png,201904170320,20190417,
201904170330_groundtruth_vis.png,201904170330,20190417,
201904170340_groundtruth_vis.png,201904170340,20190417,
201904170350_groundtruth_vis.png,201904170350,20190417,
201904170400_groundtruth_vis.png,201904170400,20190417,
201904170410_groundtruth_vis.png,201904170410,20190417,
201904170420_groundtruth_vis.png,201904170420,20190417,
201904170430_groundtruth_vis.png,201904170430,20190417,
201904170440_groundtruth_vis.png,201904170440,20190417,
201904170450_groundtruth_vis.png,201904170450,20190417,
201904170500_groundtruth_vis.png,201904170500,20190417,
201904170510_groundtruth_vis.png,201904170510,20190417,
201904170520_groundtruth_vis.png,201904170520,20190417,
201905010320_groundtruth_vis.png,201905010320,20190501,
201905010330_groundtruth_vis.png,201905010330,20190501,
201905010340_groundtruth_vis.png,201905010340,20190501,
201905010350_groundtruth_vis.png,201905010350,20190501,
201905010400_groundtruth_vis.png,201905010400,20190501,
201905010410_groundtruth_vis.png,201905010410,20190501,
201905010420_groundtruth_vis.png,201905010420,20190501,
201905010430_groundtruth_vis.png,201905010430,20190501,
201905010440_groundtruth_vis.png,201905010440,20190501,
201905010450_groundtruth_vis.png,201905010450,20190501,
201905010500_groundtruth_vis.png,201905010500,20190501,
201905010510_groundtruth_vis.png,201905010510,20190501,
201905010520_groundtruth_vis.png,201905010520,20190501,
201906040320_groundtruth_vis.png,201906040320,20190604,
201906040330_groundtruth_vis.png,201906040330,20190604,
201906040340_groundtruth_vis.png,201906040340,20190604,
201906040350_groundtruth_vis.png,201906040350,20190604,
201906040400_groundtruth_vis.png,201906040400,20190604,
201906040410_groundtruth_vis.png,201906040410,20190604,
201906040420_groundtruth_vis.png,201906040420,20190604,
201906040430_groundtruth_vis.png,201906040430,20190604,
201906040440_groundtruth_vis.png,201906040440,20190604,
201906040450_groundtruth_vis.png,201906040450,20190604,
201906040500_groundtruth_vis.png,201906040500,20190604,
201906040510_groundtruth_vis.png,201906040510,20190604,
201906040520_groundtruth_vis.png,201906040520,20190604,
202001230320_groundtruth_vis.png,202001230320,20200123,
202001230330_groundtruth_vis.png,202001230330,20200123,
202001230340_groundtruth_vis.png,202001230340,20200123,
202001230350_groundtruth_vis.png,202001230350,20200123,
202001230400_groundtruth_vis.png,202001230400,20200123,
202001230410_groundtruth_vis.png,202001230410,20200123,
202001230420_groundtruth_vis.png,202001230420,20200123,
202001230430_groundtruth_vis.png,202001230430,20200123,
202001230440_groundtruth_vis.png,202001230440,20200123,
202001230450_groundtruth_vis.png,202001230450,20200123,
202001230500_groundtruth_vis.png,202001230500,20200123,
202001230510_groundtruth_vis.png,202001230510,20200123,
202001230520_groundtruth_vis.png,202001230520,20200123,
202002100320_groundtruth_vis.png,202002100320,20200210,
202002100330_groundtruth_vis.png,202002100330,20200210,
202002100340_groundtruth_vis.png,202002100340,20200210,
202002100350_groundtruth_vis.png,202002100350,20200210,
202002100400_groundtruth_vis.png,202002100400,20200210,
202002100410_groundtruth_vis.png,202002100410,20200210,
202002100420_groundtruth_vis.png,202002100420,20200210,
202002100430_groundtruth_vis.png,202002100430,20200210,
202002100440_groundtruth_vis.png,202002100440,20200210,
202002100450_groundtruth_vis.png,202002100450,20200210,
202002100500_groundtruth_vis.png,202002100500,20200210,
202002100510_groundtruth_vis.png,202002100510,20200210,
202002100520_groundtruth_vis.png,202002100520,20200210,
202002110320_groundtruth_vis.png,202002110320,20200211,
202002110330_groundtruth_vis.png,202002110330,20200211,
202002110340_groundtruth_vis.png,202002110340,20200211,
202002110350_groundtruth_vis.png,202002110350,20200211,
202002110400_groundtruth_vis.png,202002110400,20200211,
202002110410_groundtruth_vis.png,202002110410,20200211,
202002110420_groundtruth_vis.png,202002110420,20200211,
202002110430_groundtruth_vis.png,202002110430,20200211,
202002110440_groundtruth_vis.png,202002110440,20200211,
202002110450_groundtruth_vis.png,202002110450,20200211,
202002110500_groundtruth_vis.png,202002110500,20200211,
202002110510_groundtruth_vis.png,202002110510,20200211,
202002110520_groundtruth_vis.png,202002110520,20200211,
202002130320_groundtruth_vis.png,202002130320,20200213,
202002130330_groundtruth_vis.png,202002130330,20200213,
202002130340_groundtruth_vis.png,202002130340,20200213,
202002130350_groundtruth_vis.png,202002130350,20200213,
202002130400_groundtruth_vis.png,202002130400,20200213,
202002130410_groundtruth_vis.png,202002130410,20200213,
202002130420_groundtruth_vis.png,202002130420,20200213,
202002130430_groundtruth_vis.png,202002130430,20200213,
202002130440_groundtruth_vis.png,202002130440,20200213,
202002130450_groundtruth_vis.png,202002130450,20200213,
202002130500_groundtruth_vis.png,202002130500,20200213,
202002130510_groundtruth_vis.png,202002130510,20200213,
202002130520_groundtruth_vis.png,202002130520,20200213,
202002200400_groundtruth_vis.png,202002200400,20200220,
202002200410_groundtruth_vis.png,202002200410,20200220,
202002200420_groundtruth_vis.png,202002200420,20200220,
202002200430_groundtruth_vis.png,202002200430,20200220,
202002200440_groundtruth_vis.png,202002200440,20200220,
202002200450_groundtruth_vis.png,202002200450,20200220,
202002200500_groundtruth_vis.png,202002200500,20200220,
202002200510_groundtruth_vis.png,202002200510,20200220,
202002200520_groundtruth_vis.png,202002200520,20200220,
202004150320_groundtruth_vis.png,202004150320,20200415,
202004150330_groundtruth_vis.png,202004150330,20200415,
202004150340_groundtruth_vis.png,202004150340,20200415,
202004150350_groundtruth_vis.png,202004150350,20200415,
202004150400_groundtruth_vis.png,202004150400,20200415,
202004150410_groundtruth_vis.png,202004150410,20200415,
202004150420_groundtruth_vis.png,202004150420,20200415,
202004150430_groundtruth_vis.png,202004150430,20200415,
202004150440_groundtruth_vis.png,202004150440,20200415,
202004150450_groundtruth_vis.png,202004150450,20200415,
202004150500_groundtruth_vis.png,202004150500,20200415,
202004150510_groundtruth_vis.png,202004150510,20200415,
202004150520_groundtruth_vis.png,202004150520,20200415,
202004300320_groundtruth_vis.png,202004300320,20200430,
202004300330_groundtruth_vis.png,202004300330,20200430,
202004300340_groundtruth_vis.png,202004300340,20200430,
202004300350_groundtruth_vis.png,202004300350,20200430,
202004300400_groundtruth_vis.png,202004300400,20200430,
202004300410_groundtruth_vis.png,202004300410,20200430,
202004300420_groundtruth_vis.png,202004300420,20200430,
202004300430_groundtruth_vis.png,202004300430,20200430,
202004300440_groundtruth_vis.png,202004300440,20200430,
202004300450_groundtruth_vis.png,202004300450,20200430,
202004300500_groundtruth_vis.png,202004300500,20200430,
202004300510_groundtruth_vis.png,202004300510,20200430,
202004300520_groundtruth_vis.png,202004300520,20200430,
202005010320_groundtruth_vis.png,202005010320,20200501,
202005010330_groundtruth_vis.png,202005010330,20200501,
202005010340_groundtruth_vis.png,202005010340,20200501,
202005010350_groundtruth_vis.png,202005010350,20200501,
202005010400_groundtruth_vis.png,202005010400,20200501,
202005010410_groundtruth_vis.png,202005010410,20200501,
202005010420_groundtruth_vis.png,202005010420,20200501,
202005010430_groundtruth_vis.png,202005010430,20200501,
202005010440_groundtruth_vis.png,202005010440,20200501,
202005010450_groundtruth_vis.png,202005010450,20200501,
202005010500_groundtruth_vis.png,202005010500,20200501,
202005010510_groundtruth_vis.png,202005010510,20200501,
202005010520_groundtruth_vis.png,202005010520,20200501,
202005020320_groundtruth_vis.png,202005020320,20200502,
202005020330_groundtruth_vis.png,202005020330,20200502,
202005020340_groundtruth_vis.png,202005020340,20200502,
202005020350_groundtruth_vis.png,202005020350,20200502,
202005020400_groundtruth_vis.png,202005020400,20200502,
202005020410_groundtruth_vis.png,202005020410,20200502,
202005020420_groundtruth_vis.png,202005020420,20200502,
202005020430_groundtruth_vis.png,202005020430,20200502,
202005020440_groundtruth_vis.png,202005020440,20200502,
202005020450_groundtruth_vis.png,202005020450,20200502,
202005020500_groundtruth_vis.png,202005020500,20200502,
202005020510_groundtruth_vis.png,202005020510,20200502,
202005020520_groundtruth_vis.png,202005020520,20200502,
202005110320_groundtruth_vis.png,202005110320,20200511,
202005110330_groundtruth_vis.png,202005110330,20200511,
202005110340_groundtruth_vis.png,202005110340,20200511,
202005110350_groundtruth_vis.png,202005110350,20200511,
202005110400_groundtruth_vis.png,202005110400,20200511,
202005110410_groundtruth_vis.png,202005110410,20200511,
202005110420_groundtruth_vis.png,202005110420,20200511,
202005110430_groundtruth_vis.png,202005110430,20200511,
202005110440_groundtruth_vis.png,202005110440,20200511,
202005110450_groundtruth_vis.png,202005110450,20200511,
202005110500_groundtruth_vis.png,202005110500,20200511,
202005110510_groundtruth_vis.png,202005110510,20200511,
202005110520_groundtruth_vis.png,202005110520,20200511,
202006030320_groundtruth_vis.png,202006030320,20200603,
202006030330_groundtruth_vis.png,202006030330,20200603,
202006030340_groundtruth_vis.png,202006030340,20200603,
202006030350_groundtruth_vis.png,202006030350,20200603,
202006030400_groundtruth_vis.png,202006030400,20200603,
202006030410_groundtruth_vis.png,202006030410,20200603,
202006030420_groundtruth_vis.png,202006030420,20200603,
202006030430_groundtruth_vis.png,202006030430,20200603,
202006030440_groundtruth_vis.png,202006030440,20200603,
202006030450_groundtruth_vis.png,202006030450,20200603,
202006030500_groundtruth_vis.png,202006030500,20200603,
202006030510_groundtruth_vis.png,202006030510,20200603,
202006030520_groundtruth_vis.png,202006030520,20200603,
202006040320_groundtruth_vis.png,202006040320,20200604,202006040320;202006040310;202006040300
202006040330_groundtruth_vis.png,202006040330,20200604,202006040330;202006040320;202006040310
202006040340_groundtruth_vis.png,202006040340,20200604,202006040340;202006040330;202006040320
202006040350_groundtruth_vis.png,202006040350,20200604,202006040350;202006040340;202006040330
202006040400_groundtruth_vis.png,202006040400,20200604,202006040400;202006040350;202006040340
202006040440_groundtruth_vis.png,202006040440,20200604,202006040440;202006040430;202006040420
202006040450_groundtruth_vis.png,202006040450,20200604,202006040450;202006040440;202006040430
202006040500_groundtruth_vis.png,202006040500,20200604,202006040500;202006040450;202006040440
202006040510_groundtruth_vis.png,202006040510,20200604,202006040510;202006040500;202006040450
202006040520_groundtruth_vis.png,202006040520,20200604,202006040520;202006040510;202006040500
202006050320_groundtruth_vis.png,202006050320,20200605,
202006050330_groundtruth_vis.png,202006050330,20200605,
202006050340_groundtruth_vis.png,202006050340,20200605,
202006050350_groundtruth_vis.png,202006050350,20200605,
202006050400_groundtruth_vis.png,202006050400,20200605,
202006050410_groundtruth_vis.png,202006050410,20200605,
202006050420_groundtruth_vis.png,202006050420,20200605,
202006050430_groundtruth_vis.png,202006050430,20200605,
202006050440_groundtruth_vis.png,202006050440,20200605,
202006050450_groundtruth_vis.png,202006050450,20200605,
202006050500_groundtruth_vis.png,202006050500,20200605,
202006050510_groundtruth_vis.png,202006050510,20200605,
202006050520_groundtruth_vis.png,202006050520,20200605,
202006060320_groundtruth_vis.png,202006060320,20200606,
202006060330_groundtruth_vis.png,202006060330,20200606,
202006060340_groundtruth_vis.png,202006060340,20200606,
202006060350_groundtruth_vis.png,202006060350,20200606,
202006060400_groundtruth_vis.png,202006060400,20200606,
202006060410_groundtruth_vis.png,202006060410,20200606,
202006060420_groundtruth_vis.png,202006060420,20200606,
202006060430_groundtruth_vis.png,202006060430,20200606,
202006060440_groundtruth_vis.png,202006060440,20200606,
202006060450_groundtruth_vis.png,202006060450,20200606,
202006060500_groundtruth_vis.png,202006060500,20200606,
202006060510_groundtruth_vis.png,202006060510,20200606,
202006060520_groundtruth_vis.png,202006060520,20200606,
202006070320_groundtruth_vis.png,202006070320,20200607,
202006070330_groundtruth_vis.png,202006070330,20200607,
202006070340_groundtruth_vis.png,202006070340,20200607,
202006070350_groundtruth_vis.png,202006070350,20200607,
202006070400_groundtruth_vis.png,202006070400,20200607,
202006070410_groundtruth_vis.png,202006070410,20200607,
202006070420_groundtruth_vis.png,202006070420,20200607,
202006070430_groundtruth_vis.png,202006070430,20200607,
202006070440_groundtruth_vis.png,202006070440,20200607,
202006070450_groundtruth_vis.png,202006070450,20200607,
202006070500_groundtruth_vis.png,202006070500,20200607,
202006070510_groundtruth_vis.png,202006070510,20200607,
202006070520_groundtruth_vis.png,202006070520,20200607,
202006080320_groundtruth_vis.png,202006080320,20200608,
202006080330_groundtruth_vis.png,202006080330,20200608,
202006080340_groundtruth_vis.png,202006080340,20200608,
202006080350_groundtruth_vis.png,202006080350,20200608,
202006080400_groundtruth_vis.png,202006080400,20200608,
202006080410_groundtruth_vis.png,202006080410,20200608,
202006080420_groundtruth_vis.png,202006080420,20200608,
202006080430_groundtruth_vis.png,202006080430,20200608,
202006080440_groundtruth_vis.png,202006080440,20200608,
202006080450_groundtruth_vis.png,202006080450,20200608,
202006080500_groundtruth_vis.png,202006080500,20200608,
202006080510_groundtruth_vis.png,202006080510,20200608,
202006080520_groundtruth_vis.png,202006080520,20200608,
202007020320_groundtruth_vis.png,202007020320,20200702,
202007020330_groundtruth_vis.png,202007020330,20200702,
202007020340_groundtruth_vis.png,202007020340,20200702,
202007020350_groundtruth_vis.png,202007020350,20200702,
202007020400_groundtruth_vis.png,202007020400,20200702,
202007020410_groundtruth_vis.png,202007020410,20200702,
202007020420_groundtruth_vis.png,202007020420,20200702,
202007020430_groundtruth_vis.png,202007020430,20200702,
202007020440_groundtruth_vis.png,202007020440,20200702,
202007020450_groundtruth_vis.png,202007020450,20200702,
202007020500_groundtruth_vis.png,202007020500,20200702,
202007020510_groundtruth_vis.png,202007020510,20200702,
202007020520_groundtruth_vis.png,202007020520,20200702,
202012280320_groundtruth_vis.png,202012280320,20201228,
202012280330_groundtruth_vis.png,202012280330,20201228,
202012280340_groundtruth_vis.png,202012280340,20201228,
202012280350_groundtruth_vis.png,202012280350,20201228,
202012280400_groundtruth_vis.png,202012280400,20201228,
202012280410_groundtruth_vis.png,202012280410,20201228,
202012280420_groundtruth_vis.png,202012280420,20201228,
202012280430_groundtruth_vis.png,202012280430,20201228,
202012280440_groundtruth_vis.png,202012280440,20201228,
202012280450_groundtruth_vis.png,202012280450,20201228,
202012280500_groundtruth_vis.png,202012280500,20201228,
202012280510_groundtruth_vis.png,202012280510,20201228,
202012280520_groundtruth_vis.png,202012280520,20201228,
