date,frames,three_frame_windows,missing_times,extra_times
20160103,15,13,,
20160227,15,13,,
20160303,15,13,,
20160304,15,13,,
20160330,15,13,,
20160401,15,13,,
20160410,15,13,,
20160414,14,10,0430,
20160421,15,13,,
20160422,15,13,,
20170101,15,13,,
20170511,15,13,,
20180303,15,13,,
20180312,15,13,,
20180313,15,13,,
20180326,15,13,,
20180327,15,13,,
20180330,14,11,0510,
20180331,15,13,,
20180421,15,13,,
20180429,15,13,,
20180430,15,13,,
20180510,15,13,,
20180513,15,13,,
20180528,14,10,0410,
20180529,15,13,,
20180530,15,13,,
20180606,15,13,,
20180607,13,9,0320;0330,
20180608,14,10,0500,
20190222,15,13,,
20190302,15,13,,
20190303,15,13,,
20190305,15,13,,
20190327,15,13,,
20190417,15,13,,
20190501,15,13,,
20190604,15,13,,
20200123,15,13,,
20200210,15,13,,
20200211,15,13,,
20200213,15,13,,
20200220,13,9,0320;0330,
20200415,15,13,,
20200430,15,13,,
20200501,15,13,,
20200502,15,13,,
20200511,15,13,,
20200603,15,13,,
20200605,15,13,,
20200606,15,13,,
20200607,15,13,,
20200608,15,13,,
20200702,15,13,,
20201228,15,13,,
