330.81000 ,16.203 
330.79000 ,16.199 
330.77000 ,16.195 
330.76000 ,16.191 
330.74000 ,16.187 
330.73000 ,16.183 
330.71000 ,16.179 
330.69000 ,16.175 
330.68000 ,16.171 
330.66000 ,16.167 
330.65000 ,16.163 
330.63000 ,16.159 
330.61000 ,16.155 
330.60000 ,16.151 
330.58000 ,16.147 
330.56000 ,16.143 
330.55000 ,16.139 
330.53000 ,16.135 
330.52000 ,16.131 
330.50000 ,16.127 
330.48000 ,16.123 
330.47000 ,16.119 
330.45000 ,16.115 
330.44000 ,16.111 
330.42000 ,16.107 
330.40000 ,16.103 
330.39000 ,16.099 
330.37000 ,16.095 
330.36000 ,16.091 
330.34000 ,16.087 
330.32000 ,16.083 
330.31000 ,16.079 
330.29000 ,16.075 
330.28000 ,16.071 
330.26000 ,16.067 
330.24000 ,16.063 
330.23000 ,16.059 
330.21000 ,16.055 
330.19000 ,16.051 
330.18000 ,16.047 
330.16000 ,16.043 
330.15000 ,16.039 
330.13000 ,16.035 
330.11000 ,16.031 
330.10000 ,16.027 
330.08000 ,16.023 
330.07000 ,16.019 
330.05000 ,16.015 
330.03000 ,16.011 
330.02000 ,16.007 
330.00000 ,16.003 
329.98000 ,15.999 
329.97000 ,15.995 
329.95000 ,15.991 
329.94000 ,15.987 
329.92000 ,15.983 
329.90000 ,15.979 
329.89000 ,15.975 
329.87000 ,15.971 
329.86000 ,15.967 
329.84000 ,15.963 
329.82000 ,15.959 
329.81000 ,15.955 
329.79000 ,15.951 
329.77000 ,15.947 
329.76000 ,15.943 
329.74000 ,15.939 
329.73000 ,15.935 
329.71000 ,15.931 
329.69000 ,15.927 
329.68000 ,15.923 
329.66000 ,15.919 
329.64000 ,15.915 
329.63000 ,15.911 
329.61000 ,15.907 
329.60000 ,15.903 
329.58000 ,15.899 
329.56000 ,15.895 
329.55000 ,15.891 
329.53000 ,15.887 
329.52000 ,15.883 
329.50000 ,15.879 
329.48000 ,15.875 
329.47000 ,15.871 
329.45000 ,15.867 
329.43000 ,15.863 
329.42000 ,15.859 
329.40000 ,15.855 
329.39000 ,15.851 
329.37000 ,15.847 
329.35000 ,15.843 
329.34000 ,15.839 
329.32000 ,15.835 
329.30000 ,15.831 
329.29000 ,15.827 
329.27000 ,15.823 
329.26000 ,15.819 
329.24000 ,15.815 
329.22000 ,15.811 
329.21000 ,15.807 
329.19000 ,15.803 
329.17000 ,15.799 
329.16000 ,15.795 
329.14000 ,15.791 
329.12000 ,15.787 
329.11000 ,15.783 
329.09000 ,15.779 
329.08000 ,15.775 
329.06000 ,15.771 
329.04000 ,15.767 
329.03000 ,15.763 
329.01000 ,15.759 
328.99000 ,15.755 
328.98000 ,15.751 
328.96000 ,15.747 
328.95000 ,15.743 
328.93000 ,15.739 
328.91000 ,15.735 
328.90000 ,15.731 
328.88000 ,15.727 
328.86000 ,15.723 
328.85000 ,15.719 
328.83000 ,15.715 
328.81000 ,15.711 
328.80000 ,15.707 
328.78000 ,15.703 
328.77000 ,15.699 
328.75000 ,15.695 
328.73000 ,15.691 
328.72000 ,15.687 
328.70000 ,15.683 
328.68000 ,15.679 
328.67000 ,15.675 
328.65000 ,15.671 
328.64000 ,15.667 
328.62000 ,15.663 
328.60000 ,15.659 
328.59000 ,15.655 
328.57000 ,15.651 
328.55000 ,15.647 
328.54000 ,15.643 
328.52000 ,15.639 
328.50000 ,15.635 
328.49000 ,15.631 
328.47000 ,15.627 
328.45000 ,15.623 
328.44000 ,15.619 
328.42000 ,15.615 
328.41000 ,15.611 
328.39000 ,15.607 
328.37000 ,15.603 
328.36000 ,15.599 
328.34000 ,15.595 
328.32000 ,15.591 
328.31000 ,15.587 
328.29000 ,15.583 
328.27000 ,15.579 
328.26000 ,15.575 
328.24000 ,15.571 
328.23000 ,15.567 
328.21000 ,15.563 
328.19000 ,15.559 
328.18000 ,15.555 
328.16000 ,15.551 
328.14000 ,15.547 
328.13000 ,15.543 
328.11000 ,15.539 
328.09000 ,15.535 
328.08000 ,15.531 
328.06000 ,15.527 
328.04000 ,15.523 
328.03000 ,15.519 
328.01000 ,15.515 
327.99000 ,15.511 
327.98000 ,15.507 
327.96000 ,15.503 
327.95000 ,15.499 
327.93000 ,15.495 
327.91000 ,15.491 
327.90000 ,15.487 
327.88000 ,15.483 
327.86000 ,15.479 
327.85000 ,15.475 
327.83000 ,15.471 
327.81000 ,15.467 
327.80000 ,15.463 
327.78000 ,15.459 
327.76000 ,15.455 
327.75000 ,15.451 
327.73000 ,15.447 
327.71000 ,15.443 
327.70000 ,15.439 
327.68000 ,15.435 
327.66000 ,15.431 
327.65000 ,15.427 
327.63000 ,15.423 
327.62000 ,15.419 
327.60000 ,15.415 
327.58000 ,15.411 
327.57000 ,15.407 
327.55000 ,15.403 
327.53000 ,15.399 
327.52000 ,15.395 
327.50000 ,15.391 
327.48000 ,15.387 
327.47000 ,15.383 
327.45000 ,15.379 
327.43000 ,15.375 
327.42000 ,15.371 
327.40000 ,15.367 
327.38000 ,15.363 
327.37000 ,15.359 
327.35000 ,15.355 
327.33000 ,15.351 
327.32000 ,15.347 
327.30000 ,15.343 
327.28000 ,15.339 
327.27000 ,15.335 
327.25000 ,15.331 
327.23000 ,15.327 
327.22000 ,15.323 
327.20000 ,15.319 
327.18000 ,15.315 
327.17000 ,15.311 
327.15000 ,15.307 
327.13000 ,15.303 
327.12000 ,15.299 
327.10000 ,15.295 
327.09000 ,15.291 
327.07000 ,15.287 
327.05000 ,15.283 
327.04000 ,15.279 
327.02000 ,15.275 
327.00000 ,15.271 
326.99000 ,15.267 
326.97000 ,15.263 
326.95000 ,15.259 
326.94000 ,15.255 
326.92000 ,15.251 
326.90000 ,15.247 
326.89000 ,15.243 
326.87000 ,15.239 
326.85000 ,15.235 
326.84000 ,15.231 
326.82000 ,15.227 
326.80000 ,15.223 
326.79000 ,15.219 
326.77000 ,15.215 
326.75000 ,15.211 
326.74000 ,15.207 
326.72000 ,15.203 
326.70000 ,15.199 
326.69000 ,15.195 
326.67000 ,15.191 
326.65000 ,15.187 
326.64000 ,15.183 
326.62000 ,15.179 
326.60000 ,15.175 
326.59000 ,15.171 
326.57000 ,15.167 
326.55000 ,15.163 
326.54000 ,15.159 
326.52000 ,15.155 
326.50000 ,15.151 
326.49000 ,15.147 
326.47000 ,15.143 
326.45000 ,15.139 
326.43000 ,15.135 
326.42000 ,15.131 
326.40000 ,15.127 
326.38000 ,15.123 
326.37000 ,15.119 
326.35000 ,15.115 
326.33000 ,15.111 
326.32000 ,15.107 
326.30000 ,15.103 
326.28000 ,15.099 
326.27000 ,15.095 
326.25000 ,15.091 
326.23000 ,15.087 
326.22000 ,15.083 
326.20000 ,15.079 
326.18000 ,15.075 
326.17000 ,15.071 
326.15000 ,15.067 
326.13000 ,15.063 
326.12000 ,15.059 
326.10000 ,15.055 
326.08000 ,15.051 
326.07000 ,15.047 
326.05000 ,15.043 
326.03000 ,15.039 
326.02000 ,15.035 
326.00000 ,15.031 
325.98000 ,15.027 
325.97000 ,15.023 
325.95000 ,15.019 
325.93000 ,15.015 
325.92000 ,15.011 
325.90000 ,15.007 
325.88000 ,15.003 
325.86000 ,14.999 
325.85000 ,14.995 
325.83000 ,14.991 
325.81000 ,14.987 
325.80000 ,14.983 
325.78000 ,14.979 
325.76000 ,14.975 
325.75000 ,14.971 
325.73000 ,14.967 
325.71000 ,14.963 
325.70000 ,14.959 
325.68000 ,14.955 
325.66000 ,14.951 
325.65000 ,14.947 
325.63000 ,14.943 
325.61000 ,14.939 
325.60000 ,14.935 
325.58000 ,14.931 
325.56000 ,14.927 
325.54000 ,14.923 
325.53000 ,14.919 
325.51000 ,14.915 
325.49000 ,14.911 
325.48000 ,14.907 
325.46000 ,14.903 
325.44000 ,14.899 
325.43000 ,14.895 
325.41000 ,14.891 
325.39000 ,14.887 
325.38000 ,14.883 
325.36000 ,14.879 
325.34000 ,14.875 
325.33000 ,14.871 
325.31000 ,14.867 
325.29000 ,14.863 
325.27000 ,14.859 
325.26000 ,14.855 
325.24000 ,14.851 
325.22000 ,14.847 
325.21000 ,14.843 
325.19000 ,14.839 
325.17000 ,14.835 
325.16000 ,14.831 
325.14000 ,14.827 
325.12000 ,14.823 
325.11000 ,14.819 
325.09000 ,14.815 
325.07000 ,14.811 
325.05000 ,14.807 
325.04000 ,14.803 
325.02000 ,14.799 
325.00000 ,14.795 
324.99000 ,14.791 
324.97000 ,14.787 
324.95000 ,14.783 
324.94000 ,14.779 
324.92000 ,14.775 
324.90000 ,14.771 
324.88000 ,14.767 
324.87000 ,14.763 
324.85000 ,14.759 
324.83000 ,14.755 
324.82000 ,14.751 
324.80000 ,14.747 
324.78000 ,14.743 
324.77000 ,14.739 
324.75000 ,14.735 
324.73000 ,14.731 
324.72000 ,14.727 
324.70000 ,14.723 
324.68000 ,14.719 
324.66000 ,14.715 
324.65000 ,14.711 
324.63000 ,14.707 
324.61000 ,14.703 
324.60000 ,14.699 
324.58000 ,14.695 
324.56000 ,14.691 
324.54000 ,14.687 
324.53000 ,14.683 
324.51000 ,14.679 
324.49000 ,14.675 
324.48000 ,14.671 
324.46000 ,14.667 
324.44000 ,14.663 
324.43000 ,14.659 
324.41000 ,14.655 
324.39000 ,14.651 
324.37000 ,14.647 
324.36000 ,14.643 
324.34000 ,14.639 
324.32000 ,14.635 
324.31000 ,14.631 
324.29000 ,14.627 
324.27000 ,14.623 
324.25000 ,14.619 
324.24000 ,14.615 
324.22000 ,14.611 
324.20000 ,14.607 
324.19000 ,14.603 
324.17000 ,14.599 
324.15000 ,14.595 
324.14000 ,14.591 
324.12000 ,14.587 
324.10000 ,14.583 
324.08000 ,14.579 
324.07000 ,14.575 
324.05000 ,14.571 
324.03000 ,14.567 
324.02000 ,14.563 
324.00000 ,14.559 
323.98000 ,14.555 
323.96000 ,14.551 
323.95000 ,14.547 
323.93000 ,14.543 
323.91000 ,14.539 
323.90000 ,14.535 
323.88000 ,14.531 
323.86000 ,14.527 
323.84000 ,14.523 
323.83000 ,14.519 
323.81000 ,14.515 
323.79000 ,14.511 
323.78000 ,14.507 
323.76000 ,14.503 
323.74000 ,14.499 
323.72000 ,14.495 
323.71000 ,14.491 
323.69000 ,14.487 
323.67000 ,14.483 
323.66000 ,14.479 
323.64000 ,14.475 
323.62000 ,14.471 
323.60000 ,14.467 
323.59000 ,14.463 
323.57000 ,14.459 
323.55000 ,14.455 
323.53000 ,14.451 
323.52000 ,14.447 
323.50000 ,14.443 
323.48000 ,14.439 
323.47000 ,14.435 
323.45000 ,14.431 
323.43000 ,14.427 
323.41000 ,14.423 
323.40000 ,14.419 
323.38000 ,14.415 
323.36000 ,14.411 
323.35000 ,14.407 
323.33000 ,14.403 
323.31000 ,14.399 
323.29000 ,14.395 
323.28000 ,14.391 
323.26000 ,14.387 
323.24000 ,14.383 
323.22000 ,14.379 
323.21000 ,14.375 
323.19000 ,14.371 
323.17000 ,14.367 
323.16000 ,14.363 
323.14000 ,14.359 
323.12000 ,14.355 
323.10000 ,14.351 
323.09000 ,14.347 
323.07000 ,14.343 
323.05000 ,14.339 
323.03000 ,14.335 
323.02000 ,14.331 
323.00000 ,14.327 
322.98000 ,14.323 
322.97000 ,14.319 
322.95000 ,14.315 
322.93000 ,14.311 
322.91000 ,14.307 
322.90000 ,14.303 
322.88000 ,14.299 
322.86000 ,14.295 
322.84000 ,14.291 
322.83000 ,14.287 
322.81000 ,14.283 
322.79000 ,14.279 
322.77000 ,14.275 
322.76000 ,14.271 
322.74000 ,14.267 
322.72000 ,14.263 
322.71000 ,14.259 
322.69000 ,14.255 
322.67000 ,14.251 
322.65000 ,14.247 
322.64000 ,14.243 
322.62000 ,14.239 
322.60000 ,14.235 
322.58000 ,14.231 
322.57000 ,14.227 
322.55000 ,14.223 
322.53000 ,14.219 
322.51000 ,14.215 
322.50000 ,14.211 
322.48000 ,14.207 
322.46000 ,14.203 
322.44000 ,14.199 
322.43000 ,14.195 
322.41000 ,14.191 
322.39000 ,14.187 
322.38000 ,14.183 
322.36000 ,14.179 
322.34000 ,14.175 
322.32000 ,14.171 
322.31000 ,14.167 
322.29000 ,14.163 
322.27000 ,14.159 
322.25000 ,14.155 
322.24000 ,14.151 
322.22000 ,14.147 
322.20000 ,14.143 
322.18000 ,14.139 
322.17000 ,14.135 
322.15000 ,14.131 
322.13000 ,14.127 
322.11000 ,14.123 
322.10000 ,14.119 
322.08000 ,14.115 
322.06000 ,14.110 
322.04000 ,14.106 
322.03000 ,14.102 
322.01000 ,14.098 
321.99000 ,14.094 
321.97000 ,14.090 
321.96000 ,14.086 
321.94000 ,14.082 
321.92000 ,14.078 
321.90000 ,14.074 
321.89000 ,14.070 
321.87000 ,14.066 
321.85000 ,14.062 
321.83000 ,14.058 
321.82000 ,14.054 
321.80000 ,14.050 
321.78000 ,14.046 
321.76000 ,14.042 
321.75000 ,14.038 
321.73000 ,14.034 
321.71000 ,14.030 
321.69000 ,14.026 
321.68000 ,14.022 
321.66000 ,14.018 
321.64000 ,14.014 
321.62000 ,14.010 
321.61000 ,14.006 
321.59000 ,14.002 
321.57000 ,13.998 
321.55000 ,13.994 
321.54000 ,13.990 
321.52000 ,13.986 
321.50000 ,13.982 
321.48000 ,13.978 
321.47000 ,13.974 
321.45000 ,13.970 
321.43000 ,13.966 
321.41000 ,13.962 
321.40000 ,13.958 
321.38000 ,13.954 
321.36000 ,13.950 
321.34000 ,13.946 
321.33000 ,13.942 
321.31000 ,13.938 
321.29000 ,13.934 
321.27000 ,13.930 
321.25000 ,13.926 
321.24000 ,13.922 
321.22000 ,13.918 
321.20000 ,13.914 
321.18000 ,13.910 
321.17000 ,13.906 
321.15000 ,13.902 
321.13000 ,13.898 
321.11000 ,13.894 
321.10000 ,13.890 
321.08000 ,13.886 
321.06000 ,13.882 
321.04000 ,13.878 
321.03000 ,13.874 
321.01000 ,13.870 
320.99000 ,13.866 
320.97000 ,13.862 
320.95000 ,13.858 
320.94000 ,13.854 
320.92000 ,13.850 
320.90000 ,13.846 
320.88000 ,13.842 
320.87000 ,13.838 
320.85000 ,13.834 
320.83000 ,13.830 
320.81000 ,13.826 
320.80000 ,13.822 
320.78000 ,13.818 
320.76000 ,13.814 
320.74000 ,13.810 
320.73000 ,13.806 
320.71000 ,13.802 
320.69000 ,13.798 
320.67000 ,13.794 
320.65000 ,13.790 
320.64000 ,13.786 
320.62000 ,13.782 
320.60000 ,13.778 
320.58000 ,13.774 
320.57000 ,13.770 
320.55000 ,13.766 
320.53000 ,13.762 
320.51000 ,13.758 
320.49000 ,13.754 
320.48000 ,13.750 
320.46000 ,13.746 
320.44000 ,13.742 
320.42000 ,13.738 
320.41000 ,13.734 
320.39000 ,13.730 
320.37000 ,13.726 
320.35000 ,13.722 
320.33000 ,13.718 
320.32000 ,13.714 
320.30000 ,13.710 
320.28000 ,13.706 
320.26000 ,13.702 
320.25000 ,13.698 
320.23000 ,13.694 
320.21000 ,13.690 
320.19000 ,13.686 
320.17000 ,13.682 
320.16000 ,13.678 
320.14000 ,13.674 
320.12000 ,13.670 
320.10000 ,13.666 
320.09000 ,13.662 
320.07000 ,13.658 
320.05000 ,13.654 
320.03000 ,13.650 
320.01000 ,13.646 
320.00000 ,13.642 
319.98000 ,13.638 
319.96000 ,13.634 
319.94000 ,13.630 
319.93000 ,13.626 
319.91000 ,13.622 
319.89000 ,13.618 
319.87000 ,13.614 
319.85000 ,13.610 
319.84000 ,13.606 
319.82000 ,13.602 
319.80000 ,13.598 
319.78000 ,13.594 
319.76000 ,13.590 
319.75000 ,13.586 
319.73000 ,13.582 
319.71000 ,13.578 
319.69000 ,13.574 
319.68000 ,13.570 
319.66000 ,13.566 
319.64000 ,13.562 
319.62000 ,13.558 
319.60000 ,13.554 
319.59000 ,13.550 
319.57000 ,13.546 
319.55000 ,13.542 
319.53000 ,13.538 
319.51000 ,13.534 
319.50000 ,13.530 
319.48000 ,13.526 
319.46000 ,13.522 
319.44000 ,13.518 
319.42000 ,13.514 
319.41000 ,13.510 
319.39000 ,13.506 
319.37000 ,13.502 
319.35000 ,13.498 
319.33000 ,13.494 
319.32000 ,13.490 
319.30000 ,13.486 
319.28000 ,13.482 
319.26000 ,13.478 
319.24000 ,13.474 
319.23000 ,13.470 
319.21000 ,13.466 
319.19000 ,13.462 
319.17000 ,13.458 
319.15000 ,13.454 
319.14000 ,13.450 
319.12000 ,13.446 
319.10000 ,13.442 
319.08000 ,13.438 
319.06000 ,13.434 
319.05000 ,13.430 
319.03000 ,13.426 
319.01000 ,13.422 
318.99000 ,13.418 
318.97000 ,13.414 
318.96000 ,13.410 
318.94000 ,13.406 
318.92000 ,13.402 
318.90000 ,13.398 
318.88000 ,13.394 
318.87000 ,13.390 
318.85000 ,13.386 
318.83000 ,13.382 
318.81000 ,13.378 
318.79000 ,13.374 
318.78000 ,13.370 
318.76000 ,13.366 
318.74000 ,13.362 
318.72000 ,13.358 
318.70000 ,13.354 
318.69000 ,13.350 
318.67000 ,13.346 
318.65000 ,13.342 
318.63000 ,13.338 
318.61000 ,13.334 
318.60000 ,13.330 
318.58000 ,13.326 
318.56000 ,13.322 
318.54000 ,13.318 
318.52000 ,13.314 
318.50000 ,13.310 
318.49000 ,13.306 
318.47000 ,13.302 
318.45000 ,13.298 
318.43000 ,13.294 
318.41000 ,13.290 
318.40000 ,13.286 
318.38000 ,13.282 
318.36000 ,13.278 
318.34000 ,13.274 
318.32000 ,13.270 
318.31000 ,13.266 
318.29000 ,13.262 
318.27000 ,13.258 
318.25000 ,13.254 
318.23000 ,13.250 
318.21000 ,13.246 
318.20000 ,13.242 
318.18000 ,13.238 
318.16000 ,13.234 
318.14000 ,13.230 
318.12000 ,13.226 
318.11000 ,13.222 
318.09000 ,13.218 
318.07000 ,13.214 
318.05000 ,13.210 
318.03000 ,13.206 
318.01000 ,13.202 
318.00000 ,13.198 
317.98000 ,13.194 
317.96000 ,13.190 
317.94000 ,13.186 
317.92000 ,13.182 
317.91000 ,13.178 
317.89000 ,13.174 
317.87000 ,13.170 
317.85000 ,13.166 
317.83000 ,13.162 
317.81000 ,13.158 
317.80000 ,13.154 
317.78000 ,13.150 
317.76000 ,13.146 
317.74000 ,13.142 
317.72000 ,13.138 
317.70000 ,13.134 
317.69000 ,13.130 
317.67000 ,13.126 
317.65000 ,13.122 
317.63000 ,13.118 
317.61000 ,13.114 
317.59000 ,13.110 
317.58000 ,13.106 
317.56000 ,13.102 
317.54000 ,13.098 
317.52000 ,13.094 
317.50000 ,13.090 
317.49000 ,13.086 
317.47000 ,13.082 
317.45000 ,13.078 
317.43000 ,13.074 
317.41000 ,13.070 
317.39000 ,13.066 
317.38000 ,13.062 
317.36000 ,13.058 
317.34000 ,13.054 
317.32000 ,13.050 
317.30000 ,13.046 
317.28000 ,13.042 
317.27000 ,13.038 
317.25000 ,13.034 
317.23000 ,13.030 
317.21000 ,13.026 
317.19000 ,13.022 
317.17000 ,13.018 
317.15000 ,13.014 
317.14000 ,13.010 
317.12000 ,13.006 
317.10000 ,13.002 
317.08000 ,12.998 
317.06000 ,12.994 
317.04000 ,12.990 
317.03000 ,12.986 
317.01000 ,12.982 
316.99000 ,12.978 
316.97000 ,12.974 
316.95000 ,12.970 
316.93000 ,12.966 
316.92000 ,12.962 
316.90000 ,12.958 
316.88000 ,12.954 
316.86000 ,12.950 
316.84000 ,12.946 
316.82000 ,12.942 
316.81000 ,12.938 
316.79000 ,12.934 
316.77000 ,12.930 
316.75000 ,12.926 
316.73000 ,12.922 
316.71000 ,12.918 
316.69000 ,12.914 
316.68000 ,12.910 
316.66000 ,12.906 
316.64000 ,12.902 
316.62000 ,12.898 
316.60000 ,12.894 
316.58000 ,12.890 
316.57000 ,12.886 
316.55000 ,12.882 
316.53000 ,12.878 
316.51000 ,12.874 
316.49000 ,12.870 
316.47000 ,12.866 
316.45000 ,12.862 
316.44000 ,12.858 
316.42000 ,12.854 
316.40000 ,12.850 
316.38000 ,12.846 
316.36000 ,12.842 
316.34000 ,12.838 
316.32000 ,12.834 
316.31000 ,12.830 
316.29000 ,12.826 
316.27000 ,12.822 
316.25000 ,12.818 
316.23000 ,12.814 
316.21000 ,12.810 
316.19000 ,12.806 
316.18000 ,12.802 
316.16000 ,12.798 
316.14000 ,12.794 
316.12000 ,12.790 
316.10000 ,12.786 
316.08000 ,12.782 
316.06000 ,12.778 
316.05000 ,12.774 
316.03000 ,12.770 
316.01000 ,12.766 
315.99000 ,12.762 
315.97000 ,12.758 
315.95000 ,12.754 
315.93000 ,12.750 
315.92000 ,12.746 
315.90000 ,12.742 
315.88000 ,12.738 
315.86000 ,12.734 
315.84000 ,12.730 
315.82000 ,12.726 
315.80000 ,12.722 
315.79000 ,12.718 
315.77000 ,12.714 
315.75000 ,12.710 
315.73000 ,12.706 
315.71000 ,12.702 
315.69000 ,12.698 
315.67000 ,12.694 
315.66000 ,12.690 
315.64000 ,12.686 
315.62000 ,12.682 
315.60000 ,12.678 
315.58000 ,12.674 
315.56000 ,12.670 
315.54000 ,12.666 
315.52000 ,12.662 
315.51000 ,12.658 
315.49000 ,12.654 
315.47000 ,12.650 
315.45000 ,12.646 
315.43000 ,12.642 
315.41000 ,12.638 
315.39000 ,12.634 
315.37000 ,12.630 
315.36000 ,12.626 
315.34000 ,12.622 
315.32000 ,12.618 
315.30000 ,12.614 
315.28000 ,12.610 
315.26000 ,12.606 
315.24000 ,12.602 
315.22000 ,12.598 
315.21000 ,12.594 
315.19000 ,12.590 
315.17000 ,12.586 
315.15000 ,12.582 
315.13000 ,12.578 
315.11000 ,12.574 
315.09000 ,12.570 
315.07000 ,12.566 
315.06000 ,12.562 
315.04000 ,12.558 
315.02000 ,12.554 
315.00000 ,12.550 
314.98000 ,12.546 
314.96000 ,12.542 
314.94000 ,12.538 
314.92000 ,12.534 
314.91000 ,12.530 
314.89000 ,12.526 
314.87000 ,12.522 
314.85000 ,12.518 
314.83000 ,12.514 
314.81000 ,12.510 
314.79000 ,12.506 
314.77000 ,12.502 
314.76000 ,12.498 
314.74000 ,12.494 
314.72000 ,12.490 
314.70000 ,12.486 
314.68000 ,12.482 
314.66000 ,12.478 
314.64000 ,12.474 
314.62000 ,12.470 
314.60000 ,12.466 
314.59000 ,12.462 
314.57000 ,12.458 
314.55000 ,12.454 
314.53000 ,12.450 
314.51000 ,12.446 
314.49000 ,12.442 
314.47000 ,12.438 
314.45000 ,12.434 
314.43000 ,12.430 
314.42000 ,12.426 
314.40000 ,12.422 
314.38000 ,12.418 
314.36000 ,12.414 
314.34000 ,12.410 
314.32000 ,12.406 
314.30000 ,12.402 
314.28000 ,12.398 
314.26000 ,12.394 
314.24000 ,12.390 
314.23000 ,12.386 
314.21000 ,12.382 
314.19000 ,12.378 
314.17000 ,12.374 
314.15000 ,12.370 
314.13000 ,12.366 
314.11000 ,12.362 
314.09000 ,12.358 
314.07000 ,12.354 
314.06000 ,12.350 
314.04000 ,12.346 
314.02000 ,12.342 
314.00000 ,12.338 
313.98000 ,12.334 
313.96000 ,12.330 
313.94000 ,12.326 
313.92000 ,12.322 
313.90000 ,12.318 
313.88000 ,12.314 
313.87000 ,12.310 
313.85000 ,12.306 
313.83000 ,12.302 
313.81000 ,12.298 
313.79000 ,12.294 
313.77000 ,12.290 
313.75000 ,12.286 
313.73000 ,12.282 
313.71000 ,12.278 
313.69000 ,12.274 
313.67000 ,12.270 
313.66000 ,12.266 
313.64000 ,12.262 
313.62000 ,12.258 
313.60000 ,12.254 
313.58000 ,12.250 
313.56000 ,12.246 
313.54000 ,12.242 
313.52000 ,12.238 
313.50000 ,12.234 
313.48000 ,12.230 
313.46000 ,12.226 
313.45000 ,12.222 
313.43000 ,12.218 
313.41000 ,12.214 
313.39000 ,12.210 
313.37000 ,12.206 
313.35000 ,12.202 
313.33000 ,12.198 
313.31000 ,12.194 
313.29000 ,12.190 
313.27000 ,12.186 
313.25000 ,12.182 
313.24000 ,12.178 
313.22000 ,12.174 
313.20000 ,12.170 
313.18000 ,12.166 
313.16000 ,12.162 
313.14000 ,12.158 
313.12000 ,12.154 
313.10000 ,12.150 
313.08000 ,12.146 
313.06000 ,12.142 
313.04000 ,12.138 
313.02000 ,12.134 
313.00000 ,12.130 
312.99000 ,12.126 
312.97000 ,12.122 
312.95000 ,12.118 
312.93000 ,12.114 
312.91000 ,12.110 
312.89000 ,12.106 
312.87000 ,12.102 
312.85000 ,12.098 
312.83000 ,12.094 
312.81000 ,12.090 
312.79000 ,12.086 
312.77000 ,12.082 
312.75000 ,12.078 
312.74000 ,12.074 
312.72000 ,12.070 
312.70000 ,12.066 
312.68000 ,12.062 
312.66000 ,12.058 
312.64000 ,12.054 
312.62000 ,12.050 
312.60000 ,12.046 
312.58000 ,12.042 
312.56000 ,12.038 
312.54000 ,12.034 
312.52000 ,12.030 
312.50000 ,12.026 
312.48000 ,12.022 
312.47000 ,12.018 
312.45000 ,12.014 
312.43000 ,12.010 
312.41000 ,12.006 
312.39000 ,12.002 
312.37000 ,11.998 
312.35000 ,11.994 
312.33000 ,11.990 
312.31000 ,11.986 
312.29000 ,11.982 
312.27000 ,11.978 
312.25000 ,11.974 
312.23000 ,11.970 
312.21000 ,11.966 
312.19000 ,11.962 
312.18000 ,11.958 
312.16000 ,11.954 
312.14000 ,11.950 
312.12000 ,11.946 
312.10000 ,11.942 
312.08000 ,11.938 
312.06000 ,11.934 
312.04000 ,11.930 
312.02000 ,11.926 
312.00000 ,11.922 
311.98000 ,11.918 
311.96000 ,11.914 
311.94000 ,11.910 
311.92000 ,11.906 
311.90000 ,11.902 
311.88000 ,11.898 
311.86000 ,11.894 
311.85000 ,11.890 
311.83000 ,11.886 
311.81000 ,11.882 
311.79000 ,11.878 
311.77000 ,11.874 
311.75000 ,11.870 
311.73000 ,11.866 
311.71000 ,11.862 
311.69000 ,11.858 
311.67000 ,11.854 
311.65000 ,11.850 
311.63000 ,11.846 
311.61000 ,11.842 
311.59000 ,11.838 
311.57000 ,11.834 
311.55000 ,11.830 
311.53000 ,11.826 
311.51000 ,11.822 
311.49000 ,11.818 
311.48000 ,11.814 
311.46000 ,11.810 
311.44000 ,11.806 
311.42000 ,11.802 
311.40000 ,11.798 
311.38000 ,11.794 
311.36000 ,11.790 
311.34000 ,11.786 
311.32000 ,11.782 
311.30000 ,11.778 
311.28000 ,11.774 
311.26000 ,11.770 
311.24000 ,11.766 
311.22000 ,11.762 
311.20000 ,11.758 
311.18000 ,11.754 
311.16000 ,11.750 
311.14000 ,11.746 
311.12000 ,11.742 
311.10000 ,11.738 
311.08000 ,11.734 
311.06000 ,11.730 
311.04000 ,11.726 
311.02000 ,11.722 
311.01000 ,11.718 
310.99000 ,11.714 
310.97000 ,11.710 
310.95000 ,11.706 
310.93000 ,11.702 
310.91000 ,11.698 
310.89000 ,11.694 
310.87000 ,11.690 
310.85000 ,11.686 
310.83000 ,11.682 
310.81000 ,11.678 
310.79000 ,11.674 
310.77000 ,11.670 
310.75000 ,11.666 
310.73000 ,11.662 
310.71000 ,11.658 
310.69000 ,11.654 
310.67000 ,11.650 
310.65000 ,11.646 
310.63000 ,11.642 
310.61000 ,11.638 
310.59000 ,11.634 
310.57000 ,11.630 
310.55000 ,11.626 
310.53000 ,11.622 
310.51000 ,11.618 
310.49000 ,11.614 
310.47000 ,11.610 
310.45000 ,11.606 
310.43000 ,11.602 
310.41000 ,11.598 
310.39000 ,11.594 
310.37000 ,11.590 
310.36000 ,11.586 
310.34000 ,11.582 
310.32000 ,11.578 
310.30000 ,11.574 
310.28000 ,11.570 
310.26000 ,11.566 
310.24000 ,11.562 
310.22000 ,11.558 
310.20000 ,11.554 
310.18000 ,11.550 
310.16000 ,11.546 
310.14000 ,11.542 
310.12000 ,11.538 
310.10000 ,11.534 
310.08000 ,11.530 
310.06000 ,11.526 
310.04000 ,11.522 
310.02000 ,11.518 
310.00000 ,11.514 
309.98000 ,11.510 
309.96000 ,11.506 
309.94000 ,11.502 
309.92000 ,11.498 
309.90000 ,11.494 
309.88000 ,11.490 
309.86000 ,11.486 
309.84000 ,11.482 
309.82000 ,11.478 
309.80000 ,11.474 
309.78000 ,11.470 
309.76000 ,11.466 
309.74000 ,11.462 
309.72000 ,11.458 
309.70000 ,11.454 
309.68000 ,11.450 
309.66000 ,11.446 
309.64000 ,11.442 
309.62000 ,11.438 
309.60000 ,11.434 
309.58000 ,11.430 
309.56000 ,11.426 
309.54000 ,11.422 
309.52000 ,11.418 
309.50000 ,11.414 
309.48000 ,11.410 
309.46000 ,11.406 
309.44000 ,11.402 
309.42000 ,11.398 
309.40000 ,11.394 
309.38000 ,11.390 
309.36000 ,11.386 
309.34000 ,11.382 
309.32000 ,11.378 
309.30000 ,11.374 
309.28000 ,11.370 
309.26000 ,11.366 
309.24000 ,11.362 
309.22000 ,11.358 
309.20000 ,11.354 
309.18000 ,11.350 
309.16000 ,11.346 
309.14000 ,11.342 
309.12000 ,11.338 
309.10000 ,11.334 
309.08000 ,11.330 
309.06000 ,11.326 
309.04000 ,11.322 
309.02000 ,11.318 
309.00000 ,11.314 
308.98000 ,11.310 
308.96000 ,11.306 
308.94000 ,11.302 
308.92000 ,11.298 
308.90000 ,11.294 
308.88000 ,11.290 
308.86000 ,11.286 
308.84000 ,11.282 
308.82000 ,11.278 
308.80000 ,11.274 
308.78000 ,11.270 
308.76000 ,11.266 
308.74000 ,11.262 
308.72000 ,11.258 
308.70000 ,11.254 
308.68000 ,11.250 
308.66000 ,11.246 
308.64000 ,11.242 
308.62000 ,11.238 
308.60000 ,11.234 
308.58000 ,11.230 
308.56000 ,11.226 
308.54000 ,11.222 
308.52000 ,11.218 
308.50000 ,11.214 
308.48000 ,11.210 
308.46000 ,11.206 
308.44000 ,11.202 
308.42000 ,11.198 
308.40000 ,11.194 
308.38000 ,11.190 
308.36000 ,11.186 
308.34000 ,11.182 
308.32000 ,11.178 
308.30000 ,11.174 
308.27000 ,11.170 
308.25000 ,11.166 
308.23000 ,11.162 
308.21000 ,11.158 
308.19000 ,11.154 
308.17000 ,11.150 
308.15000 ,11.146 
308.13000 ,11.142 
308.11000 ,11.138 
308.09000 ,11.134 
308.07000 ,11.130 
308.05000 ,11.126 
308.03000 ,11.122 
308.01000 ,11.118 
307.99000 ,11.114 
307.97000 ,11.110 
307.95000 ,11.106 
307.93000 ,11.102 
307.91000 ,11.098 
307.89000 ,11.094 
307.87000 ,11.090 
307.85000 ,11.086 
307.83000 ,11.082 
307.81000 ,11.078 
307.79000 ,11.074 
307.77000 ,11.070 
307.75000 ,11.066 
307.73000 ,11.062 
307.71000 ,11.058 
307.69000 ,11.054 
307.67000 ,11.050 
307.65000 ,11.046 
307.63000 ,11.042 
307.60000 ,11.038 
307.58000 ,11.034 
307.56000 ,11.030 
307.54000 ,11.026 
307.52000 ,11.022 
307.50000 ,11.018 
307.48000 ,11.014 
307.46000 ,11.010 
307.44000 ,11.006 
307.42000 ,11.002 
307.40000 ,10.998 
307.38000 ,10.994 
307.36000 ,10.990 
307.34000 ,10.986 
307.32000 ,10.982 
307.30000 ,10.978 
307.28000 ,10.974 
307.26000 ,10.970 
307.24000 ,10.966 
307.22000 ,10.962 
307.20000 ,10.958 
307.18000 ,10.954 
307.15000 ,10.950 
307.13000 ,10.946 
307.11000 ,10.942 
307.09000 ,10.938 
307.07000 ,10.934 
307.05000 ,10.930 
307.03000 ,10.926 
307.01000 ,10.922 
306.99000 ,10.918 
306.97000 ,10.914 
306.95000 ,10.910 
306.93000 ,10.906 
306.91000 ,10.902 
306.89000 ,10.898 
306.87000 ,10.894 
306.85000 ,10.890 
306.83000 ,10.886 
306.81000 ,10.882 
306.79000 ,10.878 
306.76000 ,10.874 
306.74000 ,10.870 
306.72000 ,10.866 
306.70000 ,10.862 
306.68000 ,10.858 
306.66000 ,10.854 
306.64000 ,10.850 
306.62000 ,10.846 
306.60000 ,10.842 
306.58000 ,10.838 
306.56000 ,10.834 
306.54000 ,10.830 
306.52000 ,10.826 
306.50000 ,10.822 
306.48000 ,10.818 
306.46000 ,10.814 
306.43000 ,10.810 
306.41000 ,10.806 
306.39000 ,10.802 
306.37000 ,10.798 
306.35000 ,10.794 
306.33000 ,10.790 
306.31000 ,10.786 
306.29000 ,10.782 
306.27000 ,10.778 
306.25000 ,10.774 
306.23000 ,10.770 
306.21000 ,10.766 
306.19000 ,10.762 
306.17000 ,10.758 
306.14000 ,10.754 
306.12000 ,10.750 
306.10000 ,10.746 
306.08000 ,10.742 
306.06000 ,10.738 
306.04000 ,10.734 
306.02000 ,10.730 
306.00000 ,10.726 
305.98000 ,10.722 
305.96000 ,10.718 
305.94000 ,10.714 
305.92000 ,10.710 
305.90000 ,10.706 
305.87000 ,10.702 
305.85000 ,10.698 
305.83000 ,10.694 
305.81000 ,10.690 
305.79000 ,10.686 
305.77000 ,10.682 
305.75000 ,10.678 
305.73000 ,10.674 
305.71000 ,10.670 
305.69000 ,10.666 
305.67000 ,10.662 
305.65000 ,10.658 
305.62000 ,10.654 
305.60000 ,10.650 
305.58000 ,10.646 
305.56000 ,10.642 
305.54000 ,10.638 
305.52000 ,10.634 
305.50000 ,10.630 
305.48000 ,10.626 
305.46000 ,10.622 
305.44000 ,10.618 
305.42000 ,10.614 
305.40000 ,10.610 
305.37000 ,10.606 
305.35000 ,10.602 
305.33000 ,10.598 
305.31000 ,10.594 
305.29000 ,10.590 
305.27000 ,10.586 
305.25000 ,10.582 
305.23000 ,10.578 
305.21000 ,10.574 
305.19000 ,10.570 
305.16000 ,10.566 
305.14000 ,10.562 
305.12000 ,10.558 
305.10000 ,10.554 
305.08000 ,10.550 
305.06000 ,10.546 
305.04000 ,10.542 
305.02000 ,10.538 
305.00000 ,10.534 
304.98000 ,10.530 
304.95000 ,10.526 
304.93000 ,10.522 
304.91000 ,10.518 
304.89000 ,10.514 
304.87000 ,10.510 
304.85000 ,10.506 
304.83000 ,10.502 
304.81000 ,10.498 
304.79000 ,10.494 
304.77000 ,10.490 
304.74000 ,10.486 
304.72000 ,10.482 
304.70000 ,10.478 
304.68000 ,10.474 
304.66000 ,10.470 
304.64000 ,10.466 
304.62000 ,10.462 
304.60000 ,10.458 
304.58000 ,10.454 
304.55000 ,10.450 
304.53000 ,10.446 
304.51000 ,10.442 
304.49000 ,10.438 
304.47000 ,10.434 
304.45000 ,10.430 
304.43000 ,10.426 
304.41000 ,10.422 
304.39000 ,10.418 
304.36000 ,10.414 
304.34000 ,10.410 
304.32000 ,10.406 
304.30000 ,10.402 
304.28000 ,10.398 
304.26000 ,10.394 
304.24000 ,10.390 
304.22000 ,10.386 
304.19000 ,10.382 
304.17000 ,10.378 
304.15000 ,10.374 
304.13000 ,10.370 
304.11000 ,10.366 
304.09000 ,10.362 
304.07000 ,10.358 
304.05000 ,10.354 
304.02000 ,10.350 
304.00000 ,10.346 
303.98000 ,10.342 
303.96000 ,10.338 
303.94000 ,10.334 
303.92000 ,10.330 
303.90000 ,10.326 
303.88000 ,10.322 
303.85000 ,10.318 
303.83000 ,10.314 
303.81000 ,10.310 
303.79000 ,10.306 
303.77000 ,10.302 
303.75000 ,10.298 
303.73000 ,10.294 
303.71000 ,10.290 
303.68000 ,10.286 
303.66000 ,10.282 
303.64000 ,10.278 
303.62000 ,10.274 
303.60000 ,10.270 
303.58000 ,10.266 
303.56000 ,10.262 
303.53000 ,10.258 
303.51000 ,10.254 
303.49000 ,10.250 
303.47000 ,10.246 
303.45000 ,10.242 
303.43000 ,10.238 
303.41000 ,10.234 
303.39000 ,10.230 
303.36000 ,10.226 
303.34000 ,10.222 
303.32000 ,10.218 
303.30000 ,10.214 
303.28000 ,10.210 
303.26000 ,10.206 
303.24000 ,10.202 
303.21000 ,10.198 
303.19000 ,10.194 
303.17000 ,10.190 
303.15000 ,10.186 
303.13000 ,10.182 
303.11000 ,10.178 
303.08000 ,10.174 
303.06000 ,10.170 
303.04000 ,10.166 
303.02000 ,10.162 
303.00000 ,10.158 
302.98000 ,10.154 
302.96000 ,10.150 
302.93000 ,10.146 
302.91000 ,10.142 
302.89000 ,10.138 
302.87000 ,10.134 
302.85000 ,10.130 
302.83000 ,10.126 
302.81000 ,10.122 
302.78000 ,10.118 
302.76000 ,10.114 
302.74000 ,10.110 
302.72000 ,10.106 
302.70000 ,10.102 
302.68000 ,10.098 
302.65000 ,10.094 
302.63000 ,10.090 
302.61000 ,10.086 
302.59000 ,10.082 
302.57000 ,10.078 
302.55000 ,10.074 
302.52000 ,10.070 
302.50000 ,10.066 
302.48000 ,10.062 
302.46000 ,10.058 
302.44000 ,10.054 
302.42000 ,10.050 
302.39000 ,10.046 
302.37000 ,10.042 
302.35000 ,10.038 
302.33000 ,10.034 
302.31000 ,10.030 
302.29000 ,10.026 
302.26000 ,10.022 
302.24000 ,10.018 
302.22000 ,10.014 
302.20000 ,10.010 
302.18000 ,10.006 
302.16000 ,10.002 
302.13000 ,9.998 
302.11000 ,9.994 
302.09000 ,9.990 
302.07000 ,9.986 
302.05000 ,9.982 
302.03000 ,9.978 
302.00000 ,9.974 
301.98000 ,9.970 
301.96000 ,9.966 
301.94000 ,9.962 
301.92000 ,9.958 
301.89000 ,9.954 
301.87000 ,9.950 
301.85000 ,9.946 
301.83000 ,9.942 
301.81000 ,9.938 
301.79000 ,9.934 
301.76000 ,9.930 
301.74000 ,9.926 
301.72000 ,9.922 
301.70000 ,9.918 
301.68000 ,9.914 
301.65000 ,9.910 
301.63000 ,9.906 
301.61000 ,9.902 
301.59000 ,9.898 
301.57000 ,9.894 
301.55000 ,9.890 
301.52000 ,9.886 
301.50000 ,9.882 
301.48000 ,9.878 
301.46000 ,9.874 
301.44000 ,9.870 
301.41000 ,9.866 
301.39000 ,9.862 
301.37000 ,9.858 
301.35000 ,9.854 
301.33000 ,9.850 
301.30000 ,9.846 
301.28000 ,9.842 
301.26000 ,9.838 
301.24000 ,9.834 
301.22000 ,9.830 
301.19000 ,9.826 
301.17000 ,9.822 
301.15000 ,9.818 
301.13000 ,9.814 
301.11000 ,9.810 
301.08000 ,9.806 
301.06000 ,9.802 
301.04000 ,9.798 
301.02000 ,9.794 
301.00000 ,9.790 
300.97000 ,9.786 
300.95000 ,9.782 
300.93000 ,9.778 
300.91000 ,9.774 
300.89000 ,9.770 
300.86000 ,9.766 
300.84000 ,9.762 
300.82000 ,9.758 
300.80000 ,9.754 
300.78000 ,9.750 
300.75000 ,9.746 
300.73000 ,9.742 
300.71000 ,9.738 
300.69000 ,9.734 
300.67000 ,9.730 
300.64000 ,9.726 
300.62000 ,9.722 
300.60000 ,9.718 
300.58000 ,9.714 
300.55000 ,9.710 
300.53000 ,9.706 
300.51000 ,9.702 
300.49000 ,9.698 
300.47000 ,9.694 
300.44000 ,9.690 
300.42000 ,9.686 
300.40000 ,9.682 
300.38000 ,9.678 
300.36000 ,9.674 
300.33000 ,9.670 
300.31000 ,9.666 
300.29000 ,9.662 
300.27000 ,9.658 
300.24000 ,9.654 
300.22000 ,9.650 
300.20000 ,9.646 
300.18000 ,9.642 
300.16000 ,9.638 
300.13000 ,9.634 
300.11000 ,9.630 
300.09000 ,9.626 
300.07000 ,9.622 
300.04000 ,9.618 
300.02000 ,9.614 
300.00000 ,9.610 
299.98000 ,9.606 
299.95000 ,9.602 
299.93000 ,9.598 
299.91000 ,9.594 
299.89000 ,9.590 
299.87000 ,9.586 
299.84000 ,9.582 
299.82000 ,9.578 
299.80000 ,9.574 
299.78000 ,9.570 
299.75000 ,9.566 
299.73000 ,9.562 
299.71000 ,9.558 
299.69000 ,9.554 
299.66000 ,9.550 
299.64000 ,9.546 
299.62000 ,9.542 
299.60000 ,9.538 
299.57000 ,9.534 
299.55000 ,9.530 
299.53000 ,9.526 
299.51000 ,9.522 
299.49000 ,9.518 
299.46000 ,9.514 
299.44000 ,9.510 
299.42000 ,9.506 
299.40000 ,9.502 
299.37000 ,9.498 
299.35000 ,9.494 
299.33000 ,9.490 
299.31000 ,9.486 
299.28000 ,9.482 
299.26000 ,9.478 
299.24000 ,9.474 
299.22000 ,9.470 
299.19000 ,9.466 
299.17000 ,9.462 
299.15000 ,9.458 
299.13000 ,9.454 
299.10000 ,9.450 
299.08000 ,9.446 
299.06000 ,9.442 
299.04000 ,9.438 
299.01000 ,9.434 
298.99000 ,9.430 
298.97000 ,9.426 
298.95000 ,9.422 
298.92000 ,9.418 
298.90000 ,9.414 
298.88000 ,9.410 
298.85000 ,9.406 
298.83000 ,9.402 
298.81000 ,9.398 
298.79000 ,9.394 
298.76000 ,9.390 
298.74000 ,9.386 
298.72000 ,9.382 
298.70000 ,9.378 
298.67000 ,9.374 
298.65000 ,9.370 
298.63000 ,9.366 
298.61000 ,9.362 
298.58000 ,9.358 
298.56000 ,9.354 
298.54000 ,9.350 
298.51000 ,9.346 
298.49000 ,9.342 
298.47000 ,9.338 
298.45000 ,9.334 
298.42000 ,9.330 
298.40000 ,9.326 
298.38000 ,9.322 
298.36000 ,9.318 
298.33000 ,9.314 
298.31000 ,9.310 
298.29000 ,9.306 
298.26000 ,9.302 
298.24000 ,9.298 
298.22000 ,9.294 
298.20000 ,9.290 
298.17000 ,9.286 
298.15000 ,9.282 
298.13000 ,9.278 
298.11000 ,9.274 
298.08000 ,9.270 
298.06000 ,9.266 
298.04000 ,9.262 
298.01000 ,9.258 
297.99000 ,9.254 
297.97000 ,9.250 
297.95000 ,9.246 
297.92000 ,9.242 
297.90000 ,9.238 
297.88000 ,9.234 
297.85000 ,9.230 
297.83000 ,9.226 
297.81000 ,9.222 
297.79000 ,9.218 
297.76000 ,9.214 
297.74000 ,9.210 
297.72000 ,9.206 
297.69000 ,9.202 
297.67000 ,9.198 
297.65000 ,9.194 
297.62000 ,9.190 
297.60000 ,9.186 
297.58000 ,9.182 
297.56000 ,9.178 
297.53000 ,9.174 
297.51000 ,9.170 
297.49000 ,9.166 
297.46000 ,9.162 
297.44000 ,9.158 
297.42000 ,9.154 
297.40000 ,9.150 
297.37000 ,9.146 
297.35000 ,9.142 
297.33000 ,9.138 
297.30000 ,9.134 
297.28000 ,9.130 
297.26000 ,9.126 
297.23000 ,9.122 
297.21000 ,9.118 
297.19000 ,9.114 
297.16000 ,9.110 
297.14000 ,9.106 
297.12000 ,9.102 
297.10000 ,9.098 
297.07000 ,9.094 
297.05000 ,9.090 
297.03000 ,9.086 
297.00000 ,9.082 
296.98000 ,9.078 
296.96000 ,9.074 
296.93000 ,9.070 
296.91000 ,9.066 
296.89000 ,9.062 
296.86000 ,9.058 
296.84000 ,9.054 
296.82000 ,9.050 
296.79000 ,9.046 
296.77000 ,9.042 
296.75000 ,9.038 
296.73000 ,9.034 
296.70000 ,9.030 
296.68000 ,9.026 
296.66000 ,9.022 
296.63000 ,9.018 
296.61000 ,9.014 
296.59000 ,9.010 
296.56000 ,9.006 
296.54000 ,9.002 
296.52000 ,8.998 
296.49000 ,8.994 
296.47000 ,8.990 
296.45000 ,8.986 
296.42000 ,8.982 
296.40000 ,8.978 
296.38000 ,8.974 
296.35000 ,8.970 
296.33000 ,8.966 
296.31000 ,8.962 
296.28000 ,8.958 
296.26000 ,8.954 
296.24000 ,8.950 
296.21000 ,8.946 
296.19000 ,8.942 
296.17000 ,8.938 
296.14000 ,8.934 
296.12000 ,8.930 
296.10000 ,8.926 
296.07000 ,8.922 
296.05000 ,8.918 
296.03000 ,8.914 
296.00000 ,8.910 
295.98000 ,8.906 
295.96000 ,8.902 
295.93000 ,8.898 
295.91000 ,8.894 
295.89000 ,8.890 
295.86000 ,8.886 
295.84000 ,8.882 
295.82000 ,8.878 
295.79000 ,8.874 
295.77000 ,8.870 
295.74000 ,8.866 
295.72000 ,8.862 
295.70000 ,8.858 
295.67000 ,8.854 
295.65000 ,8.850 
295.63000 ,8.846 
295.60000 ,8.842 
295.58000 ,8.838 
295.56000 ,8.834 
295.53000 ,8.830 
295.51000 ,8.826 
295.49000 ,8.822 
295.46000 ,8.818 
295.44000 ,8.814 
295.42000 ,8.810 
295.39000 ,8.806 
295.37000 ,8.802 
295.34000 ,8.798 
295.32000 ,8.794 
295.30000 ,8.790 
295.27000 ,8.786 
295.25000 ,8.782 
295.23000 ,8.778 
295.20000 ,8.774 
295.18000 ,8.770 
295.16000 ,8.766 
295.13000 ,8.762 
295.11000 ,8.758 
295.08000 ,8.754 
295.06000 ,8.750 
295.04000 ,8.746 
295.01000 ,8.742 
294.99000 ,8.738 
294.97000 ,8.734 
294.94000 ,8.730 
294.92000 ,8.726 
294.89000 ,8.722 
294.87000 ,8.718 
294.85000 ,8.714 
294.82000 ,8.710 
294.80000 ,8.706 
294.78000 ,8.702 
294.75000 ,8.698 
294.73000 ,8.694 
294.70000 ,8.690 
294.68000 ,8.686 
294.66000 ,8.682 
294.63000 ,8.678 
294.61000 ,8.674 
294.59000 ,8.670 
294.56000 ,8.666 
294.54000 ,8.662 
294.51000 ,8.658 
294.49000 ,8.654 
294.47000 ,8.650 
294.44000 ,8.646 
294.42000 ,8.642 
294.39000 ,8.638 
294.37000 ,8.634 
294.35000 ,8.630 
294.32000 ,8.626 
294.30000 ,8.622 
294.27000 ,8.618 
294.25000 ,8.614 
294.23000 ,8.610 
294.20000 ,8.606 
294.18000 ,8.602 
294.16000 ,8.598 
294.13000 ,8.594 
294.11000 ,8.590 
294.08000 ,8.586 
294.06000 ,8.582 
294.04000 ,8.578 
294.01000 ,8.574 
293.99000 ,8.570 
293.96000 ,8.566 
293.94000 ,8.562 
293.92000 ,8.558 
293.89000 ,8.554 
293.87000 ,8.550 
293.84000 ,8.546 
293.82000 ,8.542 
293.79000 ,8.538 
293.77000 ,8.534 
293.75000 ,8.530 
293.72000 ,8.526 
293.70000 ,8.522 
293.67000 ,8.518 
293.65000 ,8.514 
293.63000 ,8.510 
293.60000 ,8.506 
293.58000 ,8.502 
293.55000 ,8.498 
293.53000 ,8.494 
293.51000 ,8.490 
293.48000 ,8.486 
293.46000 ,8.482 
293.43000 ,8.478 
293.41000 ,8.474 
293.38000 ,8.470 
293.36000 ,8.465 
293.34000 ,8.461 
293.31000 ,8.457 
293.29000 ,8.453 
293.26000 ,8.449 
293.24000 ,8.445 
293.21000 ,8.441 
293.19000 ,8.437 
293.17000 ,8.433 
293.14000 ,8.429 
293.12000 ,8.425 
293.09000 ,8.421 
293.07000 ,8.417 
293.04000 ,8.413 
293.02000 ,8.409 
293.00000 ,8.405 
292.97000 ,8.401 
292.95000 ,8.397 
292.92000 ,8.393 
292.90000 ,8.389 
292.87000 ,8.385 
292.85000 ,8.381 
292.83000 ,8.377 
292.80000 ,8.373 
292.78000 ,8.369 
292.75000 ,8.365 
292.73000 ,8.361 
292.70000 ,8.357 
292.68000 ,8.353 
292.66000 ,8.349 
292.63000 ,8.345 
292.61000 ,8.341 
292.58000 ,8.337 
292.56000 ,8.333 
292.53000 ,8.329 
292.51000 ,8.325 
292.48000 ,8.321 
292.46000 ,8.317 
292.43000 ,8.313 
292.41000 ,8.309 
292.39000 ,8.305 
292.36000 ,8.301 
292.34000 ,8.297 
292.31000 ,8.293 
292.29000 ,8.289 
292.26000 ,8.285 
292.24000 ,8.281 
292.21000 ,8.277 
292.19000 ,8.273 
292.16000 ,8.269 
292.14000 ,8.265 
292.12000 ,8.261 
292.09000 ,8.257 
292.07000 ,8.253 
292.04000 ,8.249 
292.02000 ,8.245 
291.99000 ,8.241 
291.97000 ,8.237 
291.94000 ,8.233 
291.92000 ,8.229 
291.89000 ,8.225 
291.87000 ,8.221 
291.84000 ,8.217 
291.82000 ,8.213 
291.80000 ,8.209 
291.77000 ,8.205 
291.75000 ,8.201 
291.72000 ,8.197 
291.70000 ,8.193 
291.67000 ,8.189 
291.65000 ,8.185 
291.62000 ,8.181 
291.60000 ,8.177 
291.57000 ,8.173 
291.55000 ,8.169 
291.52000 ,8.165 
291.50000 ,8.161 
291.47000 ,8.157 
291.45000 ,8.153 
291.42000 ,8.149 
291.40000 ,8.145 
291.37000 ,8.141 
291.35000 ,8.137 
291.32000 ,8.133 
291.30000 ,8.129 
291.27000 ,8.125 
291.25000 ,8.121 
291.23000 ,8.117 
291.20000 ,8.113 
291.18000 ,8.109 
291.15000 ,8.105 
291.13000 ,8.101 
291.10000 ,8.097 
291.08000 ,8.093 
291.05000 ,8.089 
291.03000 ,8.085 
291.00000 ,8.081 
290.98000 ,8.077 
290.95000 ,8.073 
290.93000 ,8.069 
290.90000 ,8.065 
290.88000 ,8.061 
290.85000 ,8.057 
290.83000 ,8.053 
290.80000 ,8.049 
290.78000 ,8.045 
290.75000 ,8.041 
290.73000 ,8.037 
290.70000 ,8.033 
290.68000 ,8.029 
290.65000 ,8.025 
290.63000 ,8.021 
290.60000 ,8.017 
290.58000 ,8.013 
290.55000 ,8.009 
290.53000 ,8.005 
290.50000 ,8.001 
290.47000 ,7.997 
290.45000 ,7.993 
290.42000 ,7.989 
290.40000 ,7.985 
290.37000 ,7.981 
290.35000 ,7.977 
290.32000 ,7.973 
290.30000 ,7.969 
290.27000 ,7.965 
290.25000 ,7.961 
290.22000 ,7.957 
290.20000 ,7.953 
290.17000 ,7.949 
290.15000 ,7.945 
290.12000 ,7.941 
290.10000 ,7.937 
290.07000 ,7.933 
290.05000 ,7.929 
290.02000 ,7.925 
290.00000 ,7.921 
289.97000 ,7.917 
289.95000 ,7.913 
289.92000 ,7.909 
289.89000 ,7.905 
289.87000 ,7.901 
289.84000 ,7.897 
289.82000 ,7.893 
289.79000 ,7.889 
289.77000 ,7.885 
289.74000 ,7.881 
289.72000 ,7.877 
289.69000 ,7.873 
289.67000 ,7.869 
289.64000 ,7.865 
289.62000 ,7.861 
289.59000 ,7.857 
289.56000 ,7.853 
289.54000 ,7.849 
289.51000 ,7.845 
289.49000 ,7.841 
289.46000 ,7.837 
289.44000 ,7.833 
289.41000 ,7.829 
289.39000 ,7.825 
289.36000 ,7.821 
289.34000 ,7.817 
289.31000 ,7.813 
289.28000 ,7.809 
289.26000 ,7.805 
289.23000 ,7.801 
289.21000 ,7.797 
289.18000 ,7.793 
289.16000 ,7.789 
289.13000 ,7.785 
289.11000 ,7.781 
289.08000 ,7.777 
289.05000 ,7.773 
289.03000 ,7.769 
289.00000 ,7.765 
288.98000 ,7.761 
288.95000 ,7.757 
288.93000 ,7.753 
288.90000 ,7.749 
288.88000 ,7.745 
288.85000 ,7.741 
288.82000 ,7.737 
288.80000 ,7.733 
288.77000 ,7.729 
288.75000 ,7.725 
288.72000 ,7.721 
288.70000 ,7.717 
288.67000 ,7.713 
288.64000 ,7.709 
288.62000 ,7.705 
288.59000 ,7.701 
288.57000 ,7.697 
288.54000 ,7.693 
288.52000 ,7.689 
288.49000 ,7.685 
288.46000 ,7.681 
288.44000 ,7.677 
288.41000 ,7.673 
288.39000 ,7.669 
288.36000 ,7.665 
288.33000 ,7.661 
288.31000 ,7.657 
288.28000 ,7.653 
288.26000 ,7.649 
288.23000 ,7.645 
288.21000 ,7.641 
288.18000 ,7.637 
288.15000 ,7.633 
288.13000 ,7.629 
288.10000 ,7.625 
288.08000 ,7.621 
288.05000 ,7.617 
288.02000 ,7.613 
288.00000 ,7.609 
287.97000 ,7.605 
287.95000 ,7.601 
287.92000 ,7.597 
287.89000 ,7.593 
287.87000 ,7.589 
287.84000 ,7.585 
287.82000 ,7.581 
287.79000 ,7.577 
287.76000 ,7.573 
287.74000 ,7.569 
287.71000 ,7.565 
287.69000 ,7.561 
287.66000 ,7.557 
287.63000 ,7.553 
287.61000 ,7.549 
287.58000 ,7.545 
287.55000 ,7.541 
287.53000 ,7.537 
287.50000 ,7.533 
287.48000 ,7.529 
287.45000 ,7.525 
287.42000 ,7.521 
287.40000 ,7.517 
287.37000 ,7.513 
287.35000 ,7.509 
287.32000 ,7.505 
287.29000 ,7.501 
287.27000 ,7.497 
287.24000 ,7.493 
287.21000 ,7.489 
287.19000 ,7.485 
287.16000 ,7.481 
287.14000 ,7.477 
287.11000 ,7.473 
287.08000 ,7.469 
287.06000 ,7.465 
287.03000 ,7.461 
287.00000 ,7.457 
286.98000 ,7.453 
286.95000 ,7.449 
286.93000 ,7.445 
286.90000 ,7.441 
286.87000 ,7.437 
286.85000 ,7.433 
286.82000 ,7.429 
286.79000 ,7.425 
286.77000 ,7.421 
286.74000 ,7.417 
286.71000 ,7.413 
286.69000 ,7.409 
286.66000 ,7.405 
286.64000 ,7.401 
286.61000 ,7.397 
286.58000 ,7.393 
286.56000 ,7.389 
286.53000 ,7.385 
286.50000 ,7.381 
286.48000 ,7.377 
286.45000 ,7.373 
286.42000 ,7.369 
286.40000 ,7.365 
286.37000 ,7.361 
286.34000 ,7.357 
286.32000 ,7.353 
286.29000 ,7.349 
286.26000 ,7.345 
286.24000 ,7.341 
286.21000 ,7.337 
286.18000 ,7.333 
286.16000 ,7.329 
286.13000 ,7.325 
286.10000 ,7.321 
286.08000 ,7.317 
286.05000 ,7.313 
286.02000 ,7.309 
286.00000 ,7.305 
285.97000 ,7.301 
285.94000 ,7.297 
285.92000 ,7.293 
285.89000 ,7.289 
285.86000 ,7.285 
285.84000 ,7.281 
285.81000 ,7.277 
285.78000 ,7.273 
285.76000 ,7.269 
285.73000 ,7.265 
285.70000 ,7.261 
285.68000 ,7.257 
285.65000 ,7.253 
285.62000 ,7.249 
285.60000 ,7.245 
285.57000 ,7.241 
285.54000 ,7.237 
285.52000 ,7.233 
285.49000 ,7.229 
285.46000 ,7.225 
285.44000 ,7.221 
285.41000 ,7.217 
285.38000 ,7.213 
285.35000 ,7.209 
285.33000 ,7.205 
285.30000 ,7.201 
285.27000 ,7.197 
285.25000 ,7.193 
285.22000 ,7.189 
285.19000 ,7.185 
285.17000 ,7.181 
285.14000 ,7.177 
285.11000 ,7.173 
285.08000 ,7.169 
285.06000 ,7.165 
285.03000 ,7.161 
285.00000 ,7.157 
284.98000 ,7.153 
284.95000 ,7.149 
284.92000 ,7.145 
284.90000 ,7.141 
284.87000 ,7.137 
284.84000 ,7.133 
284.81000 ,7.129 
284.79000 ,7.125 
284.76000 ,7.121 
284.73000 ,7.117 
284.71000 ,7.113 
284.68000 ,7.109 
284.65000 ,7.105 
284.62000 ,7.101 
284.60000 ,7.097 
284.57000 ,7.093 
284.54000 ,7.089 
284.52000 ,7.085 
284.49000 ,7.081 
284.46000 ,7.077 
284.43000 ,7.073 
284.41000 ,7.069 
284.38000 ,7.065 
284.35000 ,7.061 
284.32000 ,7.057 
284.30000 ,7.053 
284.27000 ,7.049 
284.24000 ,7.045 
284.22000 ,7.041 
284.19000 ,7.037 
284.16000 ,7.033 
284.13000 ,7.029 
284.11000 ,7.025 
284.08000 ,7.021 
284.05000 ,7.017 
284.02000 ,7.013 
284.00000 ,7.009 
283.97000 ,7.005 
283.94000 ,7.001 
283.91000 ,6.997 
283.89000 ,6.993 
283.86000 ,6.989 
283.83000 ,6.985 
283.80000 ,6.981 
283.78000 ,6.977 
283.75000 ,6.973 
283.72000 ,6.969 
283.69000 ,6.965 
283.67000 ,6.961 
283.64000 ,6.957 
283.61000 ,6.953 
283.58000 ,6.949 
283.56000 ,6.945 
283.53000 ,6.941 
283.50000 ,6.937 
283.47000 ,6.933 
283.45000 ,6.929 
283.42000 ,6.925 
283.39000 ,6.921 
283.36000 ,6.917 
283.34000 ,6.913 
283.31000 ,6.909 
283.28000 ,6.905 
283.25000 ,6.901 
283.22000 ,6.897 
283.20000 ,6.893 
283.17000 ,6.889 
283.14000 ,6.885 
283.11000 ,6.881 
283.09000 ,6.877 
283.06000 ,6.873 
283.03000 ,6.869 
283.00000 ,6.865 
282.97000 ,6.861 
282.95000 ,6.857 
282.92000 ,6.853 
282.89000 ,6.849 
282.86000 ,6.845 
282.84000 ,6.841 
282.81000 ,6.837 
282.78000 ,6.833 
282.75000 ,6.829 
282.72000 ,6.825 
282.70000 ,6.821 
282.67000 ,6.817 
282.64000 ,6.813 
282.61000 ,6.809 
282.58000 ,6.805 
282.56000 ,6.801 
282.53000 ,6.797 
282.50000 ,6.793 
282.47000 ,6.789 
282.44000 ,6.785 
282.42000 ,6.781 
282.39000 ,6.777 
282.36000 ,6.773 
282.33000 ,6.769 
282.30000 ,6.765 
282.28000 ,6.761 
282.25000 ,6.757 
282.22000 ,6.753 
282.19000 ,6.749 
282.16000 ,6.745 
282.14000 ,6.741 
282.11000 ,6.737 
282.08000 ,6.733 
282.05000 ,6.729 
282.02000 ,6.725 
281.99000 ,6.721 
281.97000 ,6.717 
281.94000 ,6.713 
281.91000 ,6.709 
281.88000 ,6.705 
281.85000 ,6.701 
281.83000 ,6.697 
281.80000 ,6.693 
281.77000 ,6.689 
281.74000 ,6.685 
281.71000 ,6.681 
281.68000 ,6.677 
281.66000 ,6.673 
281.63000 ,6.669 
281.60000 ,6.665 
281.57000 ,6.661 
281.54000 ,6.657 
281.51000 ,6.653 
281.49000 ,6.649 
281.46000 ,6.645 
281.43000 ,6.641 
281.40000 ,6.637 
281.37000 ,6.633 
281.34000 ,6.629 
281.31000 ,6.625 
281.29000 ,6.621 
281.26000 ,6.617 
281.23000 ,6.613 
281.20000 ,6.609 
281.17000 ,6.605 
281.14000 ,6.601 
281.12000 ,6.597 
281.09000 ,6.593 
281.06000 ,6.589 
281.03000 ,6.585 
281.00000 ,6.581 
280.97000 ,6.577 
280.94000 ,6.573 
280.92000 ,6.569 
280.89000 ,6.565 
280.86000 ,6.561 
280.83000 ,6.557 
280.80000 ,6.553 
280.77000 ,6.549 
280.74000 ,6.545 
280.71000 ,6.541 
280.69000 ,6.537 
280.66000 ,6.533 
280.63000 ,6.529 
280.60000 ,6.525 
280.57000 ,6.521 
280.54000 ,6.517 
280.51000 ,6.513 
280.48000 ,6.509 
280.46000 ,6.505 
280.43000 ,6.501 
280.40000 ,6.497 
280.37000 ,6.493 
280.34000 ,6.489 
280.31000 ,6.485 
280.28000 ,6.481 
280.25000 ,6.477 
280.22000 ,6.473 
280.20000 ,6.469 
280.17000 ,6.465 
280.14000 ,6.461 
280.11000 ,6.457 
280.08000 ,6.453 
280.05000 ,6.449 
280.02000 ,6.445 
279.99000 ,6.441 
279.96000 ,6.437 
279.94000 ,6.433 
279.91000 ,6.429 
279.88000 ,6.425 
279.85000 ,6.421 
279.82000 ,6.417 
279.79000 ,6.413 
279.76000 ,6.409 
279.73000 ,6.405 
279.70000 ,6.401 
279.67000 ,6.397 
279.64000 ,6.393 
279.62000 ,6.389 
279.59000 ,6.385 
279.56000 ,6.381 
279.53000 ,6.377 
279.50000 ,6.373 
279.47000 ,6.369 
279.44000 ,6.365 
279.41000 ,6.361 
279.38000 ,6.357 
279.35000 ,6.353 
279.32000 ,6.349 
279.29000 ,6.345 
279.26000 ,6.341 
279.23000 ,6.337 
279.21000 ,6.333 
279.18000 ,6.329 
279.15000 ,6.325 
279.12000 ,6.321 
279.09000 ,6.317 
279.06000 ,6.313 
279.03000 ,6.309 
279.00000 ,6.305 
278.97000 ,6.301 
278.94000 ,6.297 
278.91000 ,6.293 
278.88000 ,6.289 
278.85000 ,6.285 
278.82000 ,6.281 
278.79000 ,6.277 
278.76000 ,6.273 
278.73000 ,6.269 
278.71000 ,6.265 
278.68000 ,6.261 
278.65000 ,6.257 
278.62000 ,6.253 
278.59000 ,6.249 
278.56000 ,6.245 
278.53000 ,6.241 
278.50000 ,6.237 
278.47000 ,6.233 
278.44000 ,6.229 
278.41000 ,6.225 
278.38000 ,6.221 
278.35000 ,6.217 
278.32000 ,6.213 
278.29000 ,6.209 
278.26000 ,6.205 
278.23000 ,6.201 
278.20000 ,6.197 
278.17000 ,6.193 
278.14000 ,6.189 
278.11000 ,6.185 
278.08000 ,6.181 
278.05000 ,6.177 
278.02000 ,6.173 
277.99000 ,6.169 
277.96000 ,6.165 
277.93000 ,6.161 
277.90000 ,6.157 
277.87000 ,6.153 
277.84000 ,6.149 
277.81000 ,6.145 
277.78000 ,6.141 
277.75000 ,6.137 
277.72000 ,6.133 
277.69000 ,6.129 
277.66000 ,6.125 
277.63000 ,6.121 
277.60000 ,6.117 
277.57000 ,6.113 
277.54000 ,6.109 
277.51000 ,6.105 
277.48000 ,6.101 
277.45000 ,6.097 
277.42000 ,6.093 
277.39000 ,6.089 
277.36000 ,6.085 
277.33000 ,6.081 
277.30000 ,6.077 
277.27000 ,6.073 
277.24000 ,6.069 
277.21000 ,6.065 
277.18000 ,6.061 
277.15000 ,6.057 
277.12000 ,6.053 
277.09000 ,6.049 
277.06000 ,6.045 
277.03000 ,6.041 
277.00000 ,6.037 
276.97000 ,6.033 
276.94000 ,6.029 
276.91000 ,6.025 
276.88000 ,6.021 
276.85000 ,6.017 
276.82000 ,6.013 
276.79000 ,6.009 
276.76000 ,6.005 
276.73000 ,6.001 
276.70000 ,5.997 
276.67000 ,5.993 
276.64000 ,5.989 
276.60000 ,5.985 
276.57000 ,5.981 
276.54000 ,5.977 
276.51000 ,5.973 
276.48000 ,5.969 
276.45000 ,5.965 
276.42000 ,5.961 
276.39000 ,5.957 
276.36000 ,5.953 
276.33000 ,5.949 
276.30000 ,5.945 
276.27000 ,5.941 
276.24000 ,5.937 
276.21000 ,5.933 
276.18000 ,5.929 
276.15000 ,5.925 
276.12000 ,5.921 
276.08000 ,5.917 
276.05000 ,5.913 
276.02000 ,5.909 
275.99000 ,5.905 
275.96000 ,5.901 
275.93000 ,5.897 
275.90000 ,5.893 
275.87000 ,5.889 
275.84000 ,5.885 
275.81000 ,5.881 
275.78000 ,5.877 
275.75000 ,5.873 
275.72000 ,5.869 
275.68000 ,5.865 
275.65000 ,5.861 
275.62000 ,5.857 
275.59000 ,5.853 
275.56000 ,5.849 
275.53000 ,5.845 
275.50000 ,5.841 
275.47000 ,5.837 
275.44000 ,5.833 
275.41000 ,5.829 
275.37000 ,5.825 
275.34000 ,5.821 
275.31000 ,5.817 
275.28000 ,5.813 
275.25000 ,5.809 
275.22000 ,5.805 
275.19000 ,5.801 
275.16000 ,5.797 
275.13000 ,5.793 
275.09000 ,5.789 
275.06000 ,5.785 
275.03000 ,5.781 
275.00000 ,5.777 
274.97000 ,5.773 
274.94000 ,5.769 
274.91000 ,5.765 
274.88000 ,5.761 
274.84000 ,5.757 
274.81000 ,5.753 
274.78000 ,5.749 
274.75000 ,5.745 
274.72000 ,5.741 
274.69000 ,5.737 
274.66000 ,5.733 
274.63000 ,5.729 
274.59000 ,5.725 
274.56000 ,5.721 
274.53000 ,5.717 
274.50000 ,5.713 
274.47000 ,5.709 
274.44000 ,5.705 
274.41000 ,5.701 
274.37000 ,5.697 
274.34000 ,5.693 
274.31000 ,5.689 
274.28000 ,5.685 
274.25000 ,5.681 
274.22000 ,5.677 
274.18000 ,5.673 
274.15000 ,5.669 
274.12000 ,5.665 
274.09000 ,5.661 
274.06000 ,5.657 
274.03000 ,5.653 
273.99000 ,5.649 
273.96000 ,5.645 
273.93000 ,5.641 
273.90000 ,5.637 
273.87000 ,5.633 
273.84000 ,5.629 
273.80000 ,5.625 
273.77000 ,5.621 
273.74000 ,5.617 
273.71000 ,5.613 
273.68000 ,5.609 
273.65000 ,5.605 
273.61000 ,5.601 
273.58000 ,5.597 
273.55000 ,5.593 
273.52000 ,5.589 
273.49000 ,5.585 
273.45000 ,5.581 
273.42000 ,5.577 
273.39000 ,5.573 
273.36000 ,5.569 
273.33000 ,5.565 
273.29000 ,5.561 
273.26000 ,5.557 
273.23000 ,5.553 
273.20000 ,5.549 
273.17000 ,5.545 
273.13000 ,5.541 
273.10000 ,5.537 
273.07000 ,5.533 
273.04000 ,5.529 
273.01000 ,5.525 
272.97000 ,5.521 
272.94000 ,5.517 
272.91000 ,5.513 
272.88000 ,5.509 
272.84000 ,5.505 
272.81000 ,5.501 
272.78000 ,5.497 
272.75000 ,5.493 
272.72000 ,5.489 
272.68000 ,5.485 
272.65000 ,5.481 
272.62000 ,5.477 
272.59000 ,5.473 
272.55000 ,5.469 
272.52000 ,5.465 
272.49000 ,5.461 
272.46000 ,5.457 
272.42000 ,5.453 
272.39000 ,5.449 
272.36000 ,5.445 
272.33000 ,5.441 
272.29000 ,5.437 
272.26000 ,5.433 
272.23000 ,5.429 
272.20000 ,5.425 
272.16000 ,5.421 
272.13000 ,5.417 
272.10000 ,5.413 
272.07000 ,5.409 
272.03000 ,5.405 
272.00000 ,5.401 
271.97000 ,5.397 
271.94000 ,5.393 
271.90000 ,5.389 
271.87000 ,5.385 
271.84000 ,5.381 
271.80000 ,5.377 
271.77000 ,5.373 
271.74000 ,5.369 
271.71000 ,5.365 
271.67000 ,5.361 
271.64000 ,5.357 
271.61000 ,5.353 
271.57000 ,5.349 
271.54000 ,5.345 
271.51000 ,5.341 
271.48000 ,5.337 
271.44000 ,5.333 
271.41000 ,5.329 
271.38000 ,5.325 
271.34000 ,5.321 
271.31000 ,5.317 
271.28000 ,5.313 
271.25000 ,5.309 
271.21000 ,5.305 
271.18000 ,5.301 
271.15000 ,5.297 
271.11000 ,5.293 
271.08000 ,5.289 
271.05000 ,5.285 
271.01000 ,5.281 
270.98000 ,5.277 
270.95000 ,5.273 
270.91000 ,5.269 
270.88000 ,5.265 
270.85000 ,5.261 
270.81000 ,5.257 
270.78000 ,5.253 
270.75000 ,5.249 
270.71000 ,5.245 
270.68000 ,5.241 
270.65000 ,5.237 
270.61000 ,5.233 
270.58000 ,5.229 
270.55000 ,5.225 
270.51000 ,5.221 
270.48000 ,5.217 
270.45000 ,5.213 
270.41000 ,5.209 
270.38000 ,5.205 
270.35000 ,5.201 
270.31000 ,5.197 
270.28000 ,5.193 
270.25000 ,5.189 
270.21000 ,5.185 
270.18000 ,5.181 
270.15000 ,5.177 
270.11000 ,5.173 
270.08000 ,5.169 
270.04000 ,5.165 
270.01000 ,5.161 
269.98000 ,5.157 
269.94000 ,5.153 
269.91000 ,5.149 
269.88000 ,5.145 
269.84000 ,5.141 
269.81000 ,5.137 
269.77000 ,5.133 
269.74000 ,5.129 
269.71000 ,5.125 
269.67000 ,5.121 
269.64000 ,5.117 
269.61000 ,5.113 
269.57000 ,5.109 
269.54000 ,5.105 
269.50000 ,5.101 
269.47000 ,5.097 
269.44000 ,5.093 
269.40000 ,5.089 
269.37000 ,5.085 
269.33000 ,5.081 
269.30000 ,5.077 
269.27000 ,5.073 
269.23000 ,5.069 
269.20000 ,5.065 
269.16000 ,5.061 
269.13000 ,5.057 
269.09000 ,5.053 
269.06000 ,5.049 
269.03000 ,5.045 
268.99000 ,5.041 
268.96000 ,5.037 
268.92000 ,5.033 
268.89000 ,5.029 
268.85000 ,5.025 
268.82000 ,5.021 
268.79000 ,5.017 
268.75000 ,5.013 
268.72000 ,5.009 
268.68000 ,5.005 
268.65000 ,5.001 
268.61000 ,4.997 
268.58000 ,4.993 
268.55000 ,4.989 
268.51000 ,4.985 
268.48000 ,4.981 
268.44000 ,4.977 
268.41000 ,4.973 
268.37000 ,4.969 
268.34000 ,4.965 
268.30000 ,4.961 
268.27000 ,4.957 
268.23000 ,4.953 
268.20000 ,4.949 
268.17000 ,4.945 
268.13000 ,4.941 
268.10000 ,4.937 
268.06000 ,4.933 
268.03000 ,4.929 
267.99000 ,4.925 
267.96000 ,4.921 
267.92000 ,4.917 
267.89000 ,4.913 
267.85000 ,4.909 
267.82000 ,4.905 
267.78000 ,4.901 
267.75000 ,4.897 
267.71000 ,4.893 
267.68000 ,4.889 
267.64000 ,4.885 
267.61000 ,4.881 
267.57000 ,4.877 
267.54000 ,4.873 
267.50000 ,4.869 
267.47000 ,4.865 
267.43000 ,4.861 
267.40000 ,4.857 
267.36000 ,4.853 
267.33000 ,4.849 
267.29000 ,4.845 
267.26000 ,4.841 
267.22000 ,4.837 
267.19000 ,4.833 
267.15000 ,4.829 
267.12000 ,4.825 
267.08000 ,4.821 
267.05000 ,4.817 
267.01000 ,4.813 
266.97000 ,4.809 
266.94000 ,4.805 
266.90000 ,4.801 
266.87000 ,4.797 
266.83000 ,4.793 
266.80000 ,4.789 
266.76000 ,4.785 
266.73000 ,4.781 
266.69000 ,4.777 
266.66000 ,4.773 
266.62000 ,4.769 
266.58000 ,4.765 
266.55000 ,4.761 
266.51000 ,4.757 
266.48000 ,4.753 
266.44000 ,4.749 
266.41000 ,4.745 
266.37000 ,4.741 
266.34000 ,4.737 
266.30000 ,4.733 
266.26000 ,4.729 
266.23000 ,4.725 
266.19000 ,4.721 
266.16000 ,4.717 
266.12000 ,4.713 
266.08000 ,4.709 
266.05000 ,4.705 
266.01000 ,4.701 
265.98000 ,4.697 
265.94000 ,4.693 
265.91000 ,4.689 
265.87000 ,4.685 
265.83000 ,4.681 
265.80000 ,4.677 
265.76000 ,4.673 
265.72000 ,4.669 
265.69000 ,4.665 
265.65000 ,4.661 
265.62000 ,4.657 
265.58000 ,4.653 
265.54000 ,4.649 
265.51000 ,4.645 
265.47000 ,4.641 
265.44000 ,4.637 
265.40000 ,4.633 
265.36000 ,4.629 
265.33000 ,4.625 
265.29000 ,4.621 
265.25000 ,4.617 
265.22000 ,4.613 
265.18000 ,4.609 
265.15000 ,4.605 
265.11000 ,4.601 
265.07000 ,4.597 
265.04000 ,4.593 
265.00000 ,4.589 
264.96000 ,4.585 
264.93000 ,4.581 
264.89000 ,4.577 
264.85000 ,4.573 
264.82000 ,4.569 
264.78000 ,4.565 
264.74000 ,4.561 
264.71000 ,4.557 
264.67000 ,4.553 
264.63000 ,4.549 
264.60000 ,4.545 
264.56000 ,4.541 
264.52000 ,4.537 
264.49000 ,4.533 
264.45000 ,4.529 
264.41000 ,4.525 
264.38000 ,4.521 
264.34000 ,4.517 
264.30000 ,4.513 
264.26000 ,4.509 
264.23000 ,4.505 
264.19000 ,4.501 
264.15000 ,4.497 
264.12000 ,4.493 
264.08000 ,4.489 
264.04000 ,4.485 
264.01000 ,4.481 
263.97000 ,4.477 
263.93000 ,4.473 
263.89000 ,4.469 
263.86000 ,4.465 
263.82000 ,4.461 
263.78000 ,4.457 
263.75000 ,4.453 
263.71000 ,4.449 
263.67000 ,4.445 
263.63000 ,4.441 
263.60000 ,4.437 
263.56000 ,4.433 
263.52000 ,4.429 
263.48000 ,4.425 
263.45000 ,4.421 
263.41000 ,4.417 
263.37000 ,4.413 
263.33000 ,4.409 
263.30000 ,4.405 
263.26000 ,4.401 
263.22000 ,4.397 
263.18000 ,4.393 
263.15000 ,4.389 
263.11000 ,4.385 
263.07000 ,4.381 
263.03000 ,4.377 
263.00000 ,4.373 
262.96000 ,4.369 
262.92000 ,4.365 
262.88000 ,4.361 
262.84000 ,4.357 
262.81000 ,4.353 
262.77000 ,4.349 
262.73000 ,4.345 
262.69000 ,4.341 
262.65000 ,4.337 
262.62000 ,4.333 
262.58000 ,4.329 
262.54000 ,4.325 
262.50000 ,4.321 
262.46000 ,4.317 
262.43000 ,4.313 
262.39000 ,4.309 
262.35000 ,4.305 
262.31000 ,4.301 
262.27000 ,4.297 
262.24000 ,4.293 
262.20000 ,4.289 
262.16000 ,4.285 
262.12000 ,4.281 
262.08000 ,4.277 
262.04000 ,4.273 
262.01000 ,4.269 
261.97000 ,4.265 
261.93000 ,4.261 
261.89000 ,4.257 
261.85000 ,4.253 
261.81000 ,4.249 
261.78000 ,4.245 
261.74000 ,4.241 
261.70000 ,4.237 
261.66000 ,4.233 
261.62000 ,4.229 
261.58000 ,4.225 
261.54000 ,4.221 
261.51000 ,4.217 
261.47000 ,4.213 
261.43000 ,4.209 
261.39000 ,4.205 
261.35000 ,4.201 
261.31000 ,4.197 
261.27000 ,4.193 
261.23000 ,4.189 
261.20000 ,4.185 
261.16000 ,4.181 
261.12000 ,4.177 
261.08000 ,4.173 
261.04000 ,4.169 
261.00000 ,4.165 
260.96000 ,4.161 
260.92000 ,4.157 
260.88000 ,4.153 
260.84000 ,4.149 
260.81000 ,4.145 
260.77000 ,4.141 
260.73000 ,4.137 
260.69000 ,4.133 
260.65000 ,4.129 
260.61000 ,4.125 
260.57000 ,4.121 
260.53000 ,4.117 
260.49000 ,4.113 
260.45000 ,4.109 
260.41000 ,4.105 
260.37000 ,4.101 
260.33000 ,4.097 
260.29000 ,4.093 
260.25000 ,4.089 
260.21000 ,4.085 
260.18000 ,4.081 
260.14000 ,4.077 
260.10000 ,4.073 
260.06000 ,4.069 
260.02000 ,4.065 
259.98000 ,4.061 
259.94000 ,4.057 
259.90000 ,4.053 
259.86000 ,4.049 
259.82000 ,4.045 
259.78000 ,4.041 
259.74000 ,4.037 
259.70000 ,4.033 
259.66000 ,4.029 
259.62000 ,4.025 
259.58000 ,4.021 
259.54000 ,4.017 
259.50000 ,4.013 
259.46000 ,4.009 
259.42000 ,4.005 
259.38000 ,4.001 
259.34000 ,3.997 
259.30000 ,3.993 
259.26000 ,3.989 
259.22000 ,3.985 
259.18000 ,3.981 
259.14000 ,3.977 
259.10000 ,3.973 
259.06000 ,3.969 
259.02000 ,3.965 
258.98000 ,3.961 
258.94000 ,3.957 
258.89000 ,3.953 
258.85000 ,3.949 
258.81000 ,3.945 
258.77000 ,3.941 
258.73000 ,3.937 
258.69000 ,3.933 
258.65000 ,3.929 
258.61000 ,3.925 
258.57000 ,3.921 
258.53000 ,3.917 
258.49000 ,3.913 
258.45000 ,3.909 
258.41000 ,3.905 
258.37000 ,3.901 
258.33000 ,3.897 
258.28000 ,3.893 
258.24000 ,3.889 
258.20000 ,3.885 
258.16000 ,3.881 
258.12000 ,3.877 
258.08000 ,3.873 
258.04000 ,3.869 
258.00000 ,3.865 
257.96000 ,3.861 
257.92000 ,3.857 
257.87000 ,3.853 
257.83000 ,3.849 
257.79000 ,3.845 
257.75000 ,3.841 
257.71000 ,3.837 
257.67000 ,3.833 
257.63000 ,3.829 
257.59000 ,3.825 
257.54000 ,3.821 
257.50000 ,3.817 
257.46000 ,3.813 
257.42000 ,3.809 
257.38000 ,3.805 
257.34000 ,3.801 
257.30000 ,3.797 
257.25000 ,3.793 
257.21000 ,3.789 
257.17000 ,3.785 
257.13000 ,3.781 
257.09000 ,3.777 
257.04000 ,3.773 
257.00000 ,3.769 
256.96000 ,3.765 
256.92000 ,3.761 
256.88000 ,3.757 
256.84000 ,3.753 
256.79000 ,3.749 
256.75000 ,3.745 
256.71000 ,3.741 
256.67000 ,3.737 
256.63000 ,3.733 
256.58000 ,3.729 
256.54000 ,3.725 
256.50000 ,3.721 
256.46000 ,3.717 
256.41000 ,3.713 
256.37000 ,3.709 
256.33000 ,3.705 
256.29000 ,3.701 
256.25000 ,3.697 
256.20000 ,3.693 
256.16000 ,3.689 
256.12000 ,3.685 
256.08000 ,3.681 
256.03000 ,3.677 
255.99000 ,3.673 
255.95000 ,3.669 
255.91000 ,3.665 
255.86000 ,3.661 
255.82000 ,3.657 
255.78000 ,3.653 
255.73000 ,3.649 
255.69000 ,3.645 
255.65000 ,3.641 
255.61000 ,3.637 
255.56000 ,3.633 
255.52000 ,3.629 
255.48000 ,3.625 
255.43000 ,3.621 
255.39000 ,3.617 
255.35000 ,3.613 
255.31000 ,3.609 
255.26000 ,3.605 
255.22000 ,3.601 
255.18000 ,3.597 
255.13000 ,3.593 
255.09000 ,3.589 
255.05000 ,3.585 
255.00000 ,3.581 
254.96000 ,3.577 
254.92000 ,3.573 
254.87000 ,3.569 
254.83000 ,3.565 
254.79000 ,3.561 
254.74000 ,3.557 
254.70000 ,3.553 
254.65000 ,3.549 
254.61000 ,3.545 
254.57000 ,3.541 
254.52000 ,3.537 
254.48000 ,3.533 
254.44000 ,3.529 
254.39000 ,3.525 
254.35000 ,3.521 
254.30000 ,3.517 
254.26000 ,3.513 
254.22000 ,3.509 
254.17000 ,3.505 
254.13000 ,3.501 
254.08000 ,3.497 
254.04000 ,3.493 
254.00000 ,3.489 
253.95000 ,3.485 
253.91000 ,3.481 
253.86000 ,3.477 
253.82000 ,3.473 
253.78000 ,3.469 
253.73000 ,3.465 
253.69000 ,3.461 
253.64000 ,3.457 
253.60000 ,3.453 
253.55000 ,3.449 
253.51000 ,3.445 
253.46000 ,3.441 
253.42000 ,3.437 
253.38000 ,3.433 
253.33000 ,3.429 
253.29000 ,3.425 
253.24000 ,3.421 
253.20000 ,3.417 
253.15000 ,3.413 
253.11000 ,3.409 
253.06000 ,3.405 
253.02000 ,3.401 
252.97000 ,3.397 
252.93000 ,3.393 
252.88000 ,3.389 
252.84000 ,3.385 
252.79000 ,3.381 
252.75000 ,3.377 
252.70000 ,3.373 
252.66000 ,3.369 
252.61000 ,3.365 
252.57000 ,3.361 
252.52000 ,3.357 
252.48000 ,3.353 
252.43000 ,3.349 
252.38000 ,3.345 
252.34000 ,3.341 
252.29000 ,3.337 
252.25000 ,3.333 
252.20000 ,3.329 
252.16000 ,3.325 
252.11000 ,3.321 
252.07000 ,3.317 
252.02000 ,3.313 
251.97000 ,3.309 
251.93000 ,3.305 
251.88000 ,3.301 
251.84000 ,3.297 
251.79000 ,3.293 
251.74000 ,3.289 
251.70000 ,3.285 
251.65000 ,3.281 
251.61000 ,3.277 
251.56000 ,3.273 
251.51000 ,3.269 
251.47000 ,3.265 
251.42000 ,3.261 
251.38000 ,3.257 
251.33000 ,3.253 
251.28000 ,3.249 
251.24000 ,3.245 
251.19000 ,3.241 
251.14000 ,3.237 
251.10000 ,3.233 
251.05000 ,3.229 
251.00000 ,3.225 
250.96000 ,3.221 
250.91000 ,3.217 
250.86000 ,3.213 
250.82000 ,3.209 
250.77000 ,3.205 
250.72000 ,3.201 
250.68000 ,3.197 
250.63000 ,3.193 
250.58000 ,3.189 
250.54000 ,3.185 
250.49000 ,3.181 
250.44000 ,3.177 
250.39000 ,3.173 
250.35000 ,3.169 
250.30000 ,3.165 
250.25000 ,3.161 
250.20000 ,3.157 
250.16000 ,3.153 
250.11000 ,3.149 
250.06000 ,3.145 
250.02000 ,3.141 
249.97000 ,3.137 
249.92000 ,3.133 
249.87000 ,3.129 
249.82000 ,3.125 
249.78000 ,3.121 
249.73000 ,3.117 
249.68000 ,3.113 
249.63000 ,3.109 
249.59000 ,3.105 
249.54000 ,3.101 
249.49000 ,3.097 
249.44000 ,3.093 
249.39000 ,3.089 
249.35000 ,3.085 
249.30000 ,3.081 
249.25000 ,3.077 
249.20000 ,3.073 
249.15000 ,3.069 
249.10000 ,3.065 
249.06000 ,3.061 
249.01000 ,3.057 
248.96000 ,3.053 
248.91000 ,3.049 
248.86000 ,3.045 
248.81000 ,3.041 
248.77000 ,3.037 
248.72000 ,3.033 
248.67000 ,3.029 
248.62000 ,3.025 
248.57000 ,3.021 
248.52000 ,3.017 
248.47000 ,3.013 
248.42000 ,3.009 
248.37000 ,3.005 
248.33000 ,3.001 
248.28000 ,2.997 
248.23000 ,2.993 
248.18000 ,2.989 
248.13000 ,2.985 
248.08000 ,2.981 
248.03000 ,2.977 
247.98000 ,2.973 
247.93000 ,2.969 
247.88000 ,2.965 
247.83000 ,2.961 
247.78000 ,2.957 
247.73000 ,2.953 
247.68000 ,2.949 
247.63000 ,2.945 
247.58000 ,2.941 
247.54000 ,2.937 
247.49000 ,2.933 
247.44000 ,2.929 
247.39000 ,2.925 
247.34000 ,2.921 
247.29000 ,2.917 
247.24000 ,2.913 
247.19000 ,2.909 
247.14000 ,2.905 
247.08000 ,2.901 
247.03000 ,2.897 
246.98000 ,2.893 
246.93000 ,2.889 
246.88000 ,2.885 
246.83000 ,2.881 
246.78000 ,2.877 
246.73000 ,2.873 
246.68000 ,2.869 
246.63000 ,2.865 
246.58000 ,2.861 
246.53000 ,2.857 
246.48000 ,2.853 
246.43000 ,2.849 
246.38000 ,2.845 
246.33000 ,2.841 
246.27000 ,2.837 
246.22000 ,2.833 
246.17000 ,2.829 
246.12000 ,2.825 
246.07000 ,2.820 
246.02000 ,2.816 
245.97000 ,2.812 
245.92000 ,2.808 
245.86000 ,2.804 
245.81000 ,2.800 
245.76000 ,2.796 
245.71000 ,2.792 
245.66000 ,2.788 
245.61000 ,2.784 
245.56000 ,2.780 
245.50000 ,2.776 
245.45000 ,2.772 
245.40000 ,2.768 
245.35000 ,2.764 
245.30000 ,2.760 
245.24000 ,2.756 
245.19000 ,2.752 
245.14000 ,2.748 
245.09000 ,2.744 
245.03000 ,2.740 
244.98000 ,2.736 
244.93000 ,2.732 
244.88000 ,2.728 
244.83000 ,2.724 
244.77000 ,2.720 
244.72000 ,2.716 
244.67000 ,2.712 
244.61000 ,2.708 
244.56000 ,2.704 
244.51000 ,2.700 
244.46000 ,2.696 
244.40000 ,2.692 
244.35000 ,2.688 
244.30000 ,2.684 
244.24000 ,2.680 
244.19000 ,2.676 
244.14000 ,2.672 
244.08000 ,2.668 
244.03000 ,2.664 
243.98000 ,2.660 
243.92000 ,2.656 
243.87000 ,2.652 
243.82000 ,2.648 
243.76000 ,2.644 
243.71000 ,2.640 
243.66000 ,2.636 
243.60000 ,2.632 
243.55000 ,2.628 
243.49000 ,2.624 
243.44000 ,2.620 
243.39000 ,2.616 
243.33000 ,2.612 
243.28000 ,2.608 
243.22000 ,2.604 
243.17000 ,2.600 
243.12000 ,2.596 
243.06000 ,2.592 
243.01000 ,2.588 
242.95000 ,2.584 
242.90000 ,2.580 
242.84000 ,2.576 
242.79000 ,2.572 
242.73000 ,2.568 
242.68000 ,2.564 
242.62000 ,2.560 
242.57000 ,2.556 
242.51000 ,2.552 
242.46000 ,2.548 
242.40000 ,2.544 
242.35000 ,2.540 
242.29000 ,2.536 
242.24000 ,2.532 
242.18000 ,2.528 
242.13000 ,2.524 
242.07000 ,2.520 
242.02000 ,2.516 
241.96000 ,2.512 
241.91000 ,2.508 
241.85000 ,2.504 
241.79000 ,2.500 
241.74000 ,2.496 
241.68000 ,2.492 
241.63000 ,2.488 
241.57000 ,2.484 
241.51000 ,2.480 
241.46000 ,2.476 
241.40000 ,2.472 
241.35000 ,2.468 
241.29000 ,2.464 
241.23000 ,2.460 
241.18000 ,2.456 
241.12000 ,2.452 
241.06000 ,2.448 
241.01000 ,2.444 
240.95000 ,2.440 
240.89000 ,2.436 
240.84000 ,2.432 
240.78000 ,2.428 
240.72000 ,2.424 
240.66000 ,2.420 
240.61000 ,2.416 
240.55000 ,2.412 
240.49000 ,2.408 
240.44000 ,2.404 
240.38000 ,2.400 
240.32000 ,2.396 
240.26000 ,2.392 
240.21000 ,2.388 
240.15000 ,2.384 
240.09000 ,2.380 
240.03000 ,2.376 
239.97000 ,2.372 
239.92000 ,2.368 
239.86000 ,2.364 
239.80000 ,2.360 
239.74000 ,2.356 
239.68000 ,2.352 
239.63000 ,2.348 
239.57000 ,2.344 
239.51000 ,2.340 
239.45000 ,2.336 
239.39000 ,2.332 
239.33000 ,2.328 
239.27000 ,2.324 
239.21000 ,2.320 
239.16000 ,2.316 
239.10000 ,2.312 
239.04000 ,2.308 
238.98000 ,2.304 
238.92000 ,2.300 
238.86000 ,2.296 
238.80000 ,2.292 
238.74000 ,2.288 
238.68000 ,2.284 
238.62000 ,2.280 
238.56000 ,2.276 
238.50000 ,2.272 
238.44000 ,2.268 
238.38000 ,2.264 
238.32000 ,2.260 
238.26000 ,2.256 
238.20000 ,2.252 
238.14000 ,2.248 
238.08000 ,2.244 
238.02000 ,2.240 
237.96000 ,2.236 
237.90000 ,2.232 
237.84000 ,2.228 
237.78000 ,2.224 
237.72000 ,2.220 
237.66000 ,2.216 
237.60000 ,2.212 
237.54000 ,2.208 
237.48000 ,2.204 
237.41000 ,2.200 
237.35000 ,2.196 
237.29000 ,2.192 
237.23000 ,2.188 
237.17000 ,2.184 
237.11000 ,2.180 
237.05000 ,2.176 
236.98000 ,2.172 
236.92000 ,2.168 
236.86000 ,2.164 
236.80000 ,2.160 
236.74000 ,2.156 
236.67000 ,2.152 
236.61000 ,2.148 
236.55000 ,2.144 
236.49000 ,2.140 
236.43000 ,2.136 
236.36000 ,2.132 
236.30000 ,2.128 
236.24000 ,2.124 
236.18000 ,2.120 
236.11000 ,2.116 
236.05000 ,2.112 
235.99000 ,2.108 
235.92000 ,2.104 
235.86000 ,2.100 
235.80000 ,2.096 
235.73000 ,2.092 
235.67000 ,2.088 
235.61000 ,2.084 
235.54000 ,2.080 
235.48000 ,2.076 
235.42000 ,2.072 
235.35000 ,2.068 
235.29000 ,2.064 
235.22000 ,2.060 
235.16000 ,2.056 
235.09000 ,2.052 
235.03000 ,2.048 
234.97000 ,2.044 
234.90000 ,2.040 
234.84000 ,2.036 
234.77000 ,2.032 
234.71000 ,2.028 
234.64000 ,2.024 
234.58000 ,2.020 
234.51000 ,2.016 
234.45000 ,2.012 
234.38000 ,2.008 
234.32000 ,2.004 
234.25000 ,2.000 
234.19000 ,1.996 
234.12000 ,1.992 
234.05000 ,1.988 
233.99000 ,1.984 
233.92000 ,1.980 
233.86000 ,1.976 
233.79000 ,1.972 
233.72000 ,1.968 
233.66000 ,1.964 
233.59000 ,1.960 
233.52000 ,1.956 
233.46000 ,1.952 
233.39000 ,1.948 
233.32000 ,1.944 
233.26000 ,1.940 
233.19000 ,1.936 
233.12000 ,1.932 
233.06000 ,1.928 
232.99000 ,1.924 
232.92000 ,1.920 
232.85000 ,1.916 
232.79000 ,1.912 
232.72000 ,1.908 
232.65000 ,1.904 
232.58000 ,1.900 
232.51000 ,1.896 
232.45000 ,1.892 
232.38000 ,1.888 
232.31000 ,1.884 
232.24000 ,1.880 
232.17000 ,1.876 
232.10000 ,1.872 
232.04000 ,1.868 
231.97000 ,1.864 
231.90000 ,1.860 
231.83000 ,1.856 
231.76000 ,1.852 
231.69000 ,1.848 
231.62000 ,1.844 
231.55000 ,1.840 
231.48000 ,1.836 
231.41000 ,1.832 
231.34000 ,1.828 
231.27000 ,1.824 
231.20000 ,1.820 
231.13000 ,1.816 
231.06000 ,1.812 
230.99000 ,1.808 
230.92000 ,1.804 
230.85000 ,1.800 
230.78000 ,1.796 
230.71000 ,1.792 
230.64000 ,1.788 
230.57000 ,1.784 
230.50000 ,1.780 
230.42000 ,1.776 
230.35000 ,1.772 
230.28000 ,1.768 
230.21000 ,1.764 
230.14000 ,1.760 
230.07000 ,1.756 
229.99000 ,1.752 
229.92000 ,1.748 
229.85000 ,1.744 
229.78000 ,1.740 
229.70000 ,1.736 
229.63000 ,1.732 
229.56000 ,1.728 
229.49000 ,1.724 
229.41000 ,1.720 
229.34000 ,1.716 
229.27000 ,1.712 
229.19000 ,1.708 
229.12000 ,1.704 
229.05000 ,1.700 
228.97000 ,1.696 
228.90000 ,1.692 
228.82000 ,1.688 
228.75000 ,1.684 
228.68000 ,1.680 
228.60000 ,1.676 
228.53000 ,1.672 
228.45000 ,1.668 
228.38000 ,1.664 
228.30000 ,1.660 
228.23000 ,1.656 
228.15000 ,1.652 
228.08000 ,1.648 
228.00000 ,1.644 
227.93000 ,1.640 
227.85000 ,1.636 
227.77000 ,1.632 
227.70000 ,1.628 
227.62000 ,1.624 
227.55000 ,1.620 
227.47000 ,1.616 
227.39000 ,1.612 
227.32000 ,1.608 
227.24000 ,1.604 
227.16000 ,1.600 
227.09000 ,1.596 
227.01000 ,1.592 
226.93000 ,1.588 
226.85000 ,1.584 
226.78000 ,1.580 
226.70000 ,1.576 
226.62000 ,1.572 
226.54000 ,1.568 
226.46000 ,1.564 
226.39000 ,1.560 
226.31000 ,1.556 
226.23000 ,1.552 
226.15000 ,1.548 
226.07000 ,1.544 
225.99000 ,1.540 
225.91000 ,1.536 
225.83000 ,1.532 
225.75000 ,1.528 
225.67000 ,1.524 
225.59000 ,1.520 
225.51000 ,1.516 
225.43000 ,1.512 
225.35000 ,1.508 
225.27000 ,1.504 
225.19000 ,1.500 
225.11000 ,1.496 
225.03000 ,1.492 
224.95000 ,1.488 
224.87000 ,1.484 
224.79000 ,1.480 
224.70000 ,1.476 
224.62000 ,1.472 
224.54000 ,1.468 
224.46000 ,1.464 
224.38000 ,1.460 
224.29000 ,1.456 
224.21000 ,1.452 
224.13000 ,1.448 
224.05000 ,1.444 
223.96000 ,1.440 
223.88000 ,1.436 
223.80000 ,1.432 
223.71000 ,1.428 
223.63000 ,1.424 
223.54000 ,1.420 
223.46000 ,1.416 
223.38000 ,1.412 
223.29000 ,1.408 
223.21000 ,1.404 
223.12000 ,1.400 
223.04000 ,1.396 
222.95000 ,1.392 
222.87000 ,1.388 
222.78000 ,1.384 
222.70000 ,1.380 
222.61000 ,1.376 
222.52000 ,1.372 
222.44000 ,1.368 
222.35000 ,1.364 
222.26000 ,1.360 
222.18000 ,1.356 
222.09000 ,1.352 
222.00000 ,1.348 
221.92000 ,1.344 
221.83000 ,1.340 
221.74000 ,1.336 
221.65000 ,1.332 
221.56000 ,1.328 
221.48000 ,1.324 
221.39000 ,1.320 
221.30000 ,1.316 
221.21000 ,1.312 
221.12000 ,1.308 
221.03000 ,1.304 
220.94000 ,1.300 
220.85000 ,1.296 
220.76000 ,1.292 
220.67000 ,1.288 
220.58000 ,1.284 
220.49000 ,1.280 
220.40000 ,1.276 
220.31000 ,1.272 
220.22000 ,1.268 
220.13000 ,1.264 
220.03000 ,1.260 
219.94000 ,1.256 
219.85000 ,1.252 
219.76000 ,1.248 
219.66000 ,1.244 
219.57000 ,1.240 
219.48000 ,1.236 
219.39000 ,1.232 
219.29000 ,1.228 
219.20000 ,1.224 
219.10000 ,1.220 
219.01000 ,1.216 
218.92000 ,1.212 
218.82000 ,1.208 
218.73000 ,1.204 
218.63000 ,1.200 
218.54000 ,1.196 
218.44000 ,1.192 
218.35000 ,1.188 
218.25000 ,1.184 
218.15000 ,1.180 
218.06000 ,1.176 
217.96000 ,1.172 
217.86000 ,1.168 
217.77000 ,1.164 
217.67000 ,1.160 
217.57000 ,1.156 
217.47000 ,1.152 
217.37000 ,1.148 
217.28000 ,1.144 
217.18000 ,1.140 
217.08000 ,1.136 
216.98000 ,1.132 
216.88000 ,1.128 
216.78000 ,1.124 
216.68000 ,1.120 
216.58000 ,1.116 
216.48000 ,1.112 
216.38000 ,1.108 
216.28000 ,1.104 
216.18000 ,1.100 
216.07000 ,1.096 
215.97000 ,1.092 
215.87000 ,1.088 
215.77000 ,1.084 
215.67000 ,1.080 
215.56000 ,1.076 
215.46000 ,1.072 
215.36000 ,1.068 
215.25000 ,1.064 
215.15000 ,1.060 
215.04000 ,1.056 
214.94000 ,1.052 
214.83000 ,1.048 
214.73000 ,1.044 
214.62000 ,1.040 
214.52000 ,1.036 
214.41000 ,1.032 
214.30000 ,1.028 
214.20000 ,1.024 
214.09000 ,1.020 
213.98000 ,1.016 
213.87000 ,1.012 
213.77000 ,1.008 
213.66000 ,1.004 
213.55000 ,1.000 
213.44000 ,0.996 
213.33000 ,0.992 
213.22000 ,0.988 
213.11000 ,0.984 
213.00000 ,0.980 
212.89000 ,0.976 
212.78000 ,0.972 
212.67000 ,0.968 
212.55000 ,0.964 
212.44000 ,0.960 
212.33000 ,0.956 
212.22000 ,0.952 
212.10000 ,0.948 
211.99000 ,0.944 
211.88000 ,0.940 
211.76000 ,0.936 
211.65000 ,0.932 
211.53000 ,0.928 
211.42000 ,0.924 
211.30000 ,0.920 
211.19000 ,0.916 
211.07000 ,0.912 
210.95000 ,0.908 
210.84000 ,0.904 
210.72000 ,0.900 
210.60000 ,0.896 
210.48000 ,0.892 
210.36000 ,0.888 
210.24000 ,0.884 
210.12000 ,0.880 
210.00000 ,0.876 
209.88000 ,0.872 
209.76000 ,0.868 
209.64000 ,0.864 
209.52000 ,0.860 
209.40000 ,0.856 
209.27000 ,0.852 
209.15000 ,0.848 
209.03000 ,0.844 
208.90000 ,0.840 
208.78000 ,0.836 
208.65000 ,0.832 
208.53000 ,0.828 
208.40000 ,0.824 
208.28000 ,0.820 
208.15000 ,0.816 
208.02000 ,0.812 
207.90000 ,0.808 
207.77000 ,0.804 
207.64000 ,0.800 
207.51000 ,0.796 
207.38000 ,0.792 
207.25000 ,0.788 
207.12000 ,0.784 
206.99000 ,0.780 
206.86000 ,0.776 
206.73000 ,0.772 
206.59000 ,0.768 
206.46000 ,0.764 
206.33000 ,0.760 
206.19000 ,0.756 
206.06000 ,0.752 
205.92000 ,0.748 
205.79000 ,0.744 
205.65000 ,0.740 
205.51000 ,0.736 
205.38000 ,0.732 
205.24000 ,0.728 
205.10000 ,0.724 
204.96000 ,0.720 
204.82000 ,0.716 
204.68000 ,0.712 
204.54000 ,0.708 
204.40000 ,0.704 
204.26000 ,0.700 
204.11000 ,0.696 
203.97000 ,0.692 
203.83000 ,0.688 
203.68000 ,0.684 
203.54000 ,0.680 
203.39000 ,0.676 
203.24000 ,0.672 
203.10000 ,0.668 
202.95000 ,0.664 
202.80000 ,0.660 
202.65000 ,0.656 
202.50000 ,0.652 
202.35000 ,0.648 
202.20000 ,0.644 
202.05000 ,0.640 
201.90000 ,0.636 
201.74000 ,0.632 
201.59000 ,0.628 
201.43000 ,0.624 
201.28000 ,0.620 
201.12000 ,0.616 
200.96000 ,0.612 
200.80000 ,0.608 
200.65000 ,0.604 
200.49000 ,0.600 
200.33000 ,0.596 
200.16000 ,0.592 
200.00000 ,0.588 
199.84000 ,0.584 
199.68000 ,0.580 
199.51000 ,0.576 
199.35000 ,0.572 
199.18000 ,0.568 
199.01000 ,0.564 
198.84000 ,0.560 
198.67000 ,0.556 
198.50000 ,0.552 
198.33000 ,0.548 
198.16000 ,0.544 
197.99000 ,0.540 
197.81000 ,0.536 
197.64000 ,0.532 
197.46000 ,0.528 
197.29000 ,0.524 
197.11000 ,0.520 
196.93000 ,0.516 
196.75000 ,0.512 
196.57000 ,0.508 
196.39000 ,0.504 
196.20000 ,0.500 
196.02000 ,0.496 
195.83000 ,0.492 
195.65000 ,0.488 
195.46000 ,0.484 
195.27000 ,0.480 
195.08000 ,0.476 
194.89000 ,0.472 
194.69000 ,0.468 
194.50000 ,0.464 
194.30000 ,0.460 
194.11000 ,0.456 
193.91000 ,0.452 
193.71000 ,0.448 
193.51000 ,0.444 
193.31000 ,0.440 
193.10000 ,0.436 
192.90000 ,0.432 
192.69000 ,0.428 
192.48000 ,0.424 
192.27000 ,0.420 
192.06000 ,0.416 
191.85000 ,0.412 
191.63000 ,0.408 
191.42000 ,0.404 
191.20000 ,0.400 
190.98000 ,0.396 
190.76000 ,0.392 
190.54000 ,0.388 
190.31000 ,0.384 
190.09000 ,0.380 
189.86000 ,0.376 
189.63000 ,0.372 
189.40000 ,0.368 
189.16000 ,0.364 
188.93000 ,0.360 
188.69000 ,0.356 
188.45000 ,0.352 
188.21000 ,0.348 
187.96000 ,0.344 
187.72000 ,0.340 
187.47000 ,0.336 
187.22000 ,0.332 
186.96000 ,0.328 
186.71000 ,0.324 
186.45000 ,0.320 
186.19000 ,0.316 
185.92000 ,0.312 
185.66000 ,0.308 
185.39000 ,0.304 
185.12000 ,0.300 
184.84000 ,0.296 
184.57000 ,0.292 
184.29000 ,0.288 
184.00000 ,0.284 
183.72000 ,0.280 
183.43000 ,0.276 
183.13000 ,0.272 
182.84000 ,0.268 
182.54000 ,0.264 
182.23000 ,0.260 
181.93000 ,0.256 
181.61000 ,0.252 
181.30000 ,0.248 
180.98000 ,0.244 
180.66000 ,0.240 
180.33000 ,0.236 
180.00000 ,0.232 
179.66000 ,0.228 
179.32000 ,0.224 
178.98000 ,0.220 
178.63000 ,0.216 
178.27000 ,0.212 
177.91000 ,0.208 
177.54000 ,0.204 
177.17000 ,0.200 
176.79000 ,0.196 
176.41000 ,0.192 
176.02000 ,0.188 
175.62000 ,0.184 
175.22000 ,0.180 
174.81000 ,0.176 
174.39000 ,0.172 
173.96000 ,0.168 
173.53000 ,0.164 
173.08000 ,0.160 
172.63000 ,0.156 
172.17000 ,0.152 
171.70000 ,0.148 
171.22000 ,0.144 
170.72000 ,0.140 
170.22000 ,0.136 
169.71000 ,0.132 
169.18000 ,0.128 
168.64000 ,0.124 
168.08000 ,0.120 
167.51000 ,0.116 
166.92000 ,0.112 
166.32000 ,0.108 
165.70000 ,0.104 
165.06000 ,0.100 
164.40000 ,0.096 
163.71000 ,0.092 
163.00000 ,0.088 
162.27000 ,0.084 
161.50000 ,0.080 
160.71000 ,0.076 
159.88000 ,0.072 
159.01000 ,0.068 
158.10000 ,0.064 
157.14000 ,0.060 
156.13000 ,0.056 
155.05000 ,0.052 
153.91000 ,0.048 
152.69000 ,0.044 
151.37000 ,0.040 
149.94000 ,0.036 
148.38000 ,0.032 
146.64000 ,0.028 
144.69000 ,0.024 
142.44000 ,0.020 
139.78000 ,0.016 
136.50000 ,0.012 
132.13000 ,0.008 
125.27000 ,0.004 
70.00000 ,0.000 
      -nan,-0.004 
      -nan,-0.008 
      -nan,-0.012 
      -nan,-0.016 
      -nan,-0.020 
      -nan,-0.024 
      -nan,-0.028 
      -nan,-0.032 
      -nan,-0.036 
      -nan,-0.040 
      -nan,-0.044 
      -nan,-0.048 
      -nan,-0.052 
      -nan,-0.056 
      -nan,-0.060 
      -nan,-0.064 
      -nan,-0.068 
      -nan,-0.072 
      -nan,-0.076 
      -nan,-0.080 
      -nan,-0.084 
      -nan,-0.088 
      -nan,-0.092 
      -nan,-0.096 
      -nan,-0.100 
      -nan,-0.104 
      -nan,-0.108 
      -nan,-0.112 
      -nan,-0.116 
      -nan,-0.120 
      -nan,-0.124 
      -nan,-0.128 
      -nan,-0.132 
      -nan,-0.136 
      -nan,-0.140 
      -nan,-0.144 
      -nan,-0.148 
      -nan,-0.152 
      -nan,-0.156 
      -nan,-0.160 
      -nan,-0.164 
      -nan,-0.168 
      -nan,-0.172 
      -nan,-0.176 
      -nan,-0.180 
